ID,clutchID,date_laying,N_spiderlings,N_cocoons,Cocoon_hatched
2_1,1,2018-04-24,0,1,0
2_1,2,2018-04-30,0,1,0
2_3,1,2018-04-16,10,1,1
2_3,2,2018-04-20,13,1,1
2_3,3,2018-04-23,16,1,1
2_5,1,2018-04-13,0,1,0
2_5,2,2018-04-17,14,1,1
2_6,1,2018-04-16,12,1,1
2_6,2,2018-04-18,0,1,0
2_6,3,2018-04-23,10,1,1
3_6,1,2018-04-16,10,1,1
3_6,2,2018-04-17,0,1,0
3_7,1,2018-04-16,14,1,1
3_7,2,2018-04-19,9,1,1
3_8,1,2018-04-16,12,1,1
3_9,1,2018-04-13,11,1,1
3_9,2,2018-04-19,3,1,1
3_9,3,2018-04-23,7,1,1
3_9,4,2018-05-02,1,1,1
4_2,1,2018-04-23,0,1,0
4_2,2,2018-04-27,0,1,0
5_5,1,2018-04-16,16,1,1
5_5,2,2018-04-20,0,1,0
5_5,3,2018-04-24,5,1,1
5_6,1,2018-04-23,0,1,0
5_6,2,2018-04-27,0,1,0
5_6,3,2018-05-02,0,1,0
5_8,1,2018-04-16,17,1,1
5_8,2,2018-04-17,0,1,0
5_8,3,2018-04-18,10,1,1
5_8,4,2018-04-23,0,1,0
5_8,5,2018-04-27,0,1,0
5_9,1,2018-04-16,14,1,1
5_9,2,2018-04-23,17,1,1
5_11,1,2018-04-16,0,1,0
5_11,2,2018-04-30,0,1,0
5_13,1,2018-04-17,6,1,1
5_13,2,2018-04-19,9,1,1
5_13,3,2018-04-23,11,1,1
5_13,4,2018-04-24,10,1,1
5_13,5,2018-04-26,8,1,1
5_13,6,2018-05-02,0,1,0
5_14,1,2018-04-17,0,1,0
5_14,2,2018-04-23,12,1,1
5_17,1,2018-04-23,4,1,1
5_17,2,2018-05-02,4,1,1
6a_1,1,2018-04-16,14,1,1
6a_1,2,2018-04-20,6,1,1
6a_1,3,2018-04-24,0,1,0
6a_2,1,2018-04-16,10,1,1
6a_2,2,2018-04-23,6,1,1
6a_3,1,2018-05-09,7,1,1
6a_4,1,2018-05-09,0,1,0
6a_4,2,2018-05-14,0,1,0
6a_4,3,2018-05-22,0,1,0
6a_4,4,2018-05-23,0,1,0
6a_4,5,2018-05-29,0,1,0
6a_4,6,2018-06-04,0,1,0
6a_4,7,2018-06-11,0,1,0
6a_4,8,2018-06-14,0,1,0
6b_1,1,2018-05-07,0,1,0
6b_3,1,2018-05-11,12,1,1
6b_3,2,2018-05-14,11,1,1
6b_3,3,2018-05-22,6,1,1
6b_3,4,2018-05-29,2,1,1
8_1,1,2018-04-16,16,1,1
8_1,2,2018-04-23,0,1,0
8_1,3,2018-04-24,14,1,1
8_1,4,2018-04-27,17,1,1
8_1,5,2018-04-30,12,1,1
8_4,1,2018-04-16,6,1,1
8_4,2,2018-04-23,9,1,1
8_4,3,2018-04-30,0,1,0
8_12,1,2018-05-14,10,1,1
8_12,2,2018-05-15,10,1,1
9_2,1,2018-04-16,0,1,0
9_3,1,2018-04-20,3,1,1
9_4,1,2018-04-16,10,1,1
9_5,1,2018-04-17,6,1,1
9_5,2,2018-04-23,5,1,1
9_5,3,2018-04-30,13,1,1
9_6,1,2018-04-23,0,1,0
9_8,1,2018-04-17,4,1,1
9_8,2,2018-04-20,13,1,1
9_8,3,2018-04-23,5,1,1
9_8,4,2018-04-30,0,1,0
9_10,1,2018-04-16,12,1,1
9_10,2,2018-04-23,10,1,1
2_3_1,1,2018-06-25,0,1,0
2_3_2,1,2018-05-28,21,1,1
2_3_2,2,2018-06-01,17,1,1
2_3_2,3,2018-06-04,22,1,1
2_3_2,4,2018-06-08,23,1,1
2_3_2,5,2018-06-11,13,1,1
2_3_2,6,2018-06-14,12,1,1
2_3_2,7,2018-06-18,8,1,1
2_3_2,8,2018-06-25,9,1,1
2_3_2,9,2018-07-03,6,1,1
2_3_2,10,2018-07-09,3,1,1
2_3_3,1,2018-05-28,12,1,1
2_3_4,1,2018-05-30,8,1,1
2_3_4,2,2018-06-04,12,1,1
2_3_4,3,2018-06-11,18,1,1
2_3_4,4,2018-06-14,10,1,1
2_3_4,5,2018-06-20,10,1,1
2_3_4,6,2018-06-29,6,1,1
2_3_4,7,2018-07-03,5,1,1
2_3_4,8,2018-07-09,4,1,1
2_3_4,9,2018-07-12,9,1,1
2_3_4,10,2018-07-17,9,1,1
2_3_4,11,2018-07-23,4,1,1
2_3_5,1,2018-06-04,0,1,0
2_3_5,2,2018-06-11,0,1,0
2_3_5,3,2018-06-20,0,1,0
2_3_5,4,2018-07-04,0,1,0
2_3_5,5,2018-07-17,0,1,0
2_3_6,1,2018-06-11,12,1,1
2_3_6,2,2018-06-18,10,1,1
2_3_6,3,2018-07-04,1,1,1
2_3_8,1,2018-07-12,0,1,0
2_3_8,2,2018-07-18,6,1,1
2_5_1,1,2018-05-22,17,1,1
2_5_1,2,2018-05-29,11,1,1
2_5_1,3,2018-06-04,16,1,1
2_5_1,4,2018-06-08,19,1,1
2_5_1,5,2018-06-11,16,1,1
2_5_1,6,2018-06-18,7,1,1
2_5_1,7,2018-06-18,10,1,1
2_5_1,8,2018-06-25,10,1,1
2_5_1,9,2018-06-29,0,1,0
2_5_1,10,2018-07-03,0,1,0
2_5_2,1,2018-05-25,16,1,1
2_5_2,2,2018-05-30,0,1,0
2_5_2,3,2018-06-08,13,1,1
2_5_2,4,2018-06-18,9,1,1
2_5_3,1,2018-05-28,0,1,0
2_5_4,1,2018-05-28,16,1,1
2_5_4,2,2018-06-01,14,1,1
2_5_4,3,2018-06-04,17,1,1
2_5_4,4,2018-06-08,18,1,1
2_5_4,5,2018-06-12,7,1,1
2_5_4,6,2018-06-18,14,1,1
2_5_4,7,2018-06-20,12,1,1
2_5_4,8,2018-06-26,8,1,1
2_5_5,1,2018-06-04,8,1,1
2_5_5,2,2018-06-11,0,1,0
2_5_5,3,2018-06-15,9,1,1
2_5_5,4,2018-07-03,0,1,0
2_5_6,1,2018-05-30,13,1,1
2_5_6,2,2018-06-04,9,1,1
2_5_6,3,2018-06-11,12,1,1
2_5_6,4,2018-06-18,7,1,1
2_6_1,1,2018-06-04,13,1,1
2_6_1,2,2018-06-11,11,1,1
2_6_1,3,2018-06-14,11,1,1
2_6_1,4,2018-06-20,0,1,0
2_6_2,1,2018-06-04,10,1,1
2_6_2,2,2018-06-11,0,1,0
2_6_2,3,2018-06-13,0,1,0
2_6_2,4,2018-06-25,0,1,0
2_6_3,1,2018-06-12,7,1,1
2_6_3,2,2018-06-18,10,1,1
2_6_3,3,2018-06-20,7,1,1
2_6_3,4,2018-07-02,6,1,1
2_6_3,5,2018-07-09,9,1,1
2_6_3,6,2018-07-16,0,1,0
2_6_3,7,2018-07-23,0,1,0
2_6_4,1,2018-06-25,13,1,1
2_6_4,2,2018-07-04,9,1,1
2_6_4,3,2018-07-10,12,1,1
2_6_4,4,2018-07-16,2,1,1
3_6_1,1,2018-05-28,6,1,1
3_6_1,2,2018-06-04,14,1,1
3_6_1,3,2018-06-08,0,1,0
3_6_1,4,2018-06-13,8,1,1
3_6_2,1,2018-05-28,11,1,1
3_6_2,2,2018-06-04,12,1,1
3_6_2,3,2018-06-05,0,1,0
3_6_2,4,2018-06-11,15,1,1
3_6_2,5,2018-06-18,0,1,0
3_6_2,6,2018-06-19,8,1,1
3_6_3,1,2018-06-01,11,1,1
3_6_3,2,2018-06-05,18,1,1
3_6_3,3,2018-06-08,12,1,1
3_6_3,4,2018-06-11,14,1,1
3_6_3,5,2018-06-14,0,1,0
3_6_3,6,2018-06-20,0,1,0
3_6_4,1,2018-06-04,12,1,1
3_6_4,2,2018-06-11,7,1,1
3_6_4,3,2018-06-20,10,1,1
3_7_1,1,2018-06-04,10,1,1
3_7_1,2,2018-06-15,7,1,1
3_7_1,3,2018-06-19,0,1,0
3_7_2,1,2018-06-01,9,1,1
3_7_2,2,2018-06-04,12,1,1
3_7_2,3,2018-06-11,21,1,1
3_7_2,4,2018-06-11,0,1,0
3_7_2,5,2018-06-18,0,1,0
3_7_2,6,2018-06-29,0,1,0
3_7_3,1,2018-06-04,1,1,1
3_7_3,2,2018-06-08,5,1,1
3_7_3,3,2018-06-13,11,1,1
3_7_3,4,2018-06-22,0,1,0
3_7_3,5,2018-06-28,3,1,1
3_7_3,6,2018-07-09,0,1,0
3_7_3,7,2018-07-10,0,1,0
3_7_4,1,2018-06-08,9,1,1
3_7_4,2,2018-06-11,13,1,1
3_7_4,3,2018-06-14,13,1,1
3_7_4,4,2018-06-20,7,1,1
3_7_4,5,2018-07-10,5,1,1
3_7_4,6,2018-07-04,0,1,0
3_7_4,7,2018-07-17,2,1,1
3_7_4,8,2018-07-23,4,1,1
3_7_5,1,2018-06-13,0,1,0
3_7_5,2,2018-06-19,0,1,0
3_7_5,3,2018-06-28,0,1,0
3_7_5,4,2018-07-04,0,1,0
3_7_5,5,2018-07-12,0,1,0
3_7_5,6,2018-07-30,0,1,0
3_7_6,1,2018-06-25,11,1,1
3_7_6,2,2018-07-02,14,1,1
3_7_6,3,2018-07-09,8,1,1
3_7_7,1,2018-07-16,3,1,1
3_7_7,2,2018-07-23,2,1,1
3_7_7,3,2018-08-06,1,1,1
3_8_1,1,2018-06-04,3,1,1
3_8_1,2,2018-06-07,8,1,1
3_8_1,3,2018-06-11,0,1,0
3_8_1,4,2018-06-18,0,1,0
3_8_1,5,2018-06-25,0,1,0
3_9_1,1,2018-06-11,0,1,0
3_9_1,2,2018-06-19,0,1,0
3_9_1,3,2018-06-28,0,1,0
3_9_1,4,2018-07-04,0,1,0
5_5_1,1,2018-06-14,15,1,1
5_5_1,2,2018-06-20,0,1,0
5_5_2,1,2018-06-04,6,1,1
5_5_2,2,2018-06-13,7,1,1
5_5_2,3,2018-06-18,8,1,1
5_5_2,4,2018-06-20,6,1,1
5_5_2,5,2018-06-25,0,1,0
5_8_1,1,2018-05-28,6,1,1
5_8_1,2,2018-06-12,0,1,0
5_8_1,3,2018-06-20,0,1,0
5_8_1,4,2018-07-09,8,1,1
5_8_2,1,2018-05-24,0,1,0
5_8_2,2,2018-05-29,4,1,1
5_8_2,3,2018-06-04,9,1,1
5_8_3,1,2018-06-04,0,1,0
5_8_3,2,2018-06-08,0,1,0
5_8_3,3,2018-06-11,0,1,0
5_8_3,4,2018-06-12,0,1,0
5_8_4,1,2018-05-28,12,1,1
5_8_4,2,2018-06-04,0,1,0
5_8_5,1,2018-06-01,11,1,1
5_8_5,2,2018-06-04,12,1,1
5_8_5,3,2018-06-08,19,1,1
5_8_5,4,2018-06-11,17,1,1
5_8_5,5,2018-06-18,9,1,1
5_8_5,6,2018-06-18,12,1,1
5_8_5,7,2018-06-25,10,1,1
5_8_5,8,2018-07-03,4,1,1
5_8_5,9,2018-07-16,6,1,1
5_8_6,1,2018-05-30,0,1,0
5_8_6,2,2018-06-04,8,1,1
5_8_6,3,2018-06-08,12,1,1
5_8_6,4,2018-06-11,11,1,1
5_8_6,5,2018-06-14,5,1,1
5_8_6,6,2018-06-18,4,1,1
5_8_6,7,2018-06-25,6,1,1
5_8_6,8,2018-07-02,0,1,0
5_8_7,1,2018-06-11,10,1,1
5_8_7,2,2018-06-14,13,1,1
5_8_7,3,2018-06-19,12,1,1
5_8_7,4,2018-06-25,5,1,1
5_8_7,5,2018-07-02,8,1,1
5_8_7,6,2018-07-04,10,1,1
5_9_1,1,2018-05-30,0,1,0
5_9_1,2,2018-06-11,10,1,1
5_9_2,1,2018-07-06,0,1,0
5_9_3,1,2018-06-01,7,1,1
5_9_3,2,2018-06-04,13,1,1
5_9_3,3,2018-06-08,11,1,1
5_9_3,4,2018-06-11,14,1,1
5_9_3,5,2018-06-15,7,1,1
5_9_3,6,2018-06-18,0,1,0
5_9_3,7,2018-06-25,0,1,0
5_9_4,1,2018-06-05,9,1,1
5_9_4,2,2018-06-11,22,1,1
5_9_4,3,2018-06-11,22,1,1
5_9_4,4,2018-06-14,14,1,1
5_9_4,5,2018-06-19,8,1,1
5_9_5,1,2018-06-01,12,1,1
5_9_5,2,2018-06-04,18,1,1
5_9_5,3,2018-06-08,15,1,1
5_9_5,4,2018-06-11,23,1,1
5_9_6,1,2018-06-04,9,1,1
5_9_6,2,2018-06-11,15,1,1
5_9_6,3,2018-06-12,7,1,1
5_9_6,4,2018-06-18,8,1,1
5_9_7,1,2018-05-29,0,1,0
5_9_7,2,2018-06-04,0,1,0
5_9_7,3,2018-06-05,0,1,0
5_9_7,4,2018-06-08,0,1,0
5_9_7,5,2018-06-11,0,1,0
5_9_7,6,2018-06-18,0,1,0
5_9_7,7,2018-06-20,0,1,0
5_9_7,8,2018-06-26,0,1,0
5_9_7,9,2018-07-02,0,1,0
5_9_7,10,2018-07-09,0,1,0
5_9_7,11,2018-07-12,0,1,0
5_9_7,12,2018-07-18,0,1,0
5_9_8,1,2018-06-06,10,1,1
5_9_8,2,2018-06-11,12,1,1
5_9_8,3,2018-06-13,11,1,1
5_9_8,4,2018-06-18,8,1,1
5_9_8,5,2018-06-25,8,1,1
5_9_8,6,2018-07-02,6,1,1
5_9_9,1,2018-06-11,16,1,1
5_9_9,2,2018-06-11,8,1,1
5_9_9,3,2018-06-14,11,1,1
5_9_9,4,2018-06-18,7,1,1
5_9_9,5,2018-06-22,9,1,1
5_9_9,6,2018-07-02,10,1,1
5_9_10,1,2018-06-07,0,1,0
5_9_10,2,2018-06-14,0,1,0
5_9_10,3,2018-06-19,0,1,0
5_9_10,4,2018-06-25,0,1,0
5_9_10,5,2018-07-04,0,1,0
5_9_10,6,2018-07-02,0,1,0
5_9_11,1,2018-06-07,0,1,0
5_9_11,2,2018-06-18,0,1,0
5_9_11,3,2018-06-22,0,1,0
5_9_11,4,2018-06-29,0,1,0
5_9_11,5,2018-07-02,0,1,0
5_9_11,6,2018-07-09,0,1,0
5_9_11,7,2018-07-12,0,1,0
5_9_11,8,2018-07-25,0,1,0
5_14_1,1,2018-06-06,11,1,1
5_14_1,2,2018-06-11,14,1,1
5_14_1,3,2018-06-14,0,1,0
5_14_2,1,2018-06-08,13,1,1
5_14_2,2,2018-06-11,13,1,1
5_14_2,3,2018-06-13,0,1,0
5_14_2,4,2018-06-18,10,1,1
5_14_2,5,2018-06-25,7,1,1
5_14_2,6,2018-07-02,0,1,0
5_14_3,1,2018-06-01,13,1,1
5_14_3,2,2018-06-04,16,1,1
5_14_3,3,2018-06-07,13,1,1
5_14_3,4,2018-06-11,20,1,1
5_14_3,5,2018-06-13,10,1,1
5_14_3,6,2018-06-18,12,1,1
5_14_3,7,2018-06-25,9,1,1
5_14_3,8,2018-07-10,4,1,1
5_14_3,9,2018-07-04,0,1,0
5_14_3,10,2018-07-16,4,1,1
5_14_4,1,2018-06-12,0,1,0
5_14_4,2,2018-06-18,0,1,0
5_14_4,3,2018-06-25,0,1,0
5_14_4,4,2018-07-02,0,1,0
5_14_4,5,2018-07-12,0,1,0
5_14_4,6,2018-07-18,0,1,0
5_14_4,7,2018-07-30,0,1,0
5_17_1,1,2018-05-29,13,1,1
5_17_1,2,2018-05-30,16,1,1
5_17_1,3,2018-06-04,12,1,1
5_17_1,4,2018-06-08,16,1,1
5_17_1,5,2018-06-11,10,1,1
5_17_1,6,2018-06-18,10,1,1
5_17_1,7,2018-06-20,12,1,1
5_17_1,8,2018-06-26,6,1,1
5_17_1,9,2018-07-02,1,1,1
5_17_1,10,2018-07-09,11,1,1
5_17_1,11,2018-07-12,11,1,1
5_17_1,12,2018-07-18,2,1,1
5_17_2,1,2018-06-01,14,1,1
5_17_2,2,2018-06-04,14,1,1
5_17_2,3,2018-06-11,10,1,1
5_17_2,4,2018-06-14,15,1,1
5_17_2,5,2018-06-19,11,1,1
5_17_2,6,2018-06-25,10,1,1
5_17_3,1,2018-05-30,0,1,0
5_17_3,2,2018-06-11,10,1,1
5_17_3,3,2018-06-18,10,1,1
5_17_3,4,2018-06-25,0,1,0
6a_1_2,1,2018-06-01,7,1,1
6a_1_2,2,2018-06-04,0,1,0
6a_1_2,3,2018-06-08,18,1,1
6a_1_2,4,2018-06-11,11,1,1
6a_1_2,5,2018-06-18,9,1,1
6a_1_2,6,2018-06-25,0,1,0
6a_1_3,1,2018-05-28,0,1,0
6a_1_3,2,2018-06-04,1,1,1
6a_1_3,3,2018-06-11,0,1,0
6a_1_3,4,2018-06-18,0,1,0
6a_1_3,5,2018-06-25,0,1,0
6a_1_3,6,2018-07-02,0,1,0
6a_1_3,7,2018-07-09,0,1,0
6a_1_3,8,2018-07-12,0,1,0
6a_1_3,9,2018-07-17,0,1,0
6a_1_4,1,2018-06-01,12,1,1
6a_1_4,2,2018-06-08,8,1,1
6a_1_4,3,2018-06-12,5,1,1
6a_1_4,4,2018-06-18,9,1,1
6a_1_4,5,2018-06-25,0,1,0
6a_1_5,1,2018-06-01,18,1,1
6a_1_5,2,2018-06-04,19,1,1
6a_1_5,3,2018-06-11,11,1,1
6a_1_5,4,2018-06-12,10,1,1
6a_1_5,5,2018-06-18,13,1,1
6a_1_5,6,2018-06-22,7,1,1
6a_1_5,7,2018-07-02,0,1,0
6a_1_6,1,2018-06-05,9,1,1
6a_1_6,2,2018-06-07,14,1,1
6a_1_6,3,2018-06-11,14,1,1
6a_1_6,4,2018-06-14,12,1,1
6a_1_6,5,2018-06-20,9,1,1
6a_1_6,6,2018-06-25,0,1,0
6a_1_6,7,2018-07-02,0,1,0
6a_1_7,1,2018-06-08,12,1,1
6a_1_7,2,2018-06-11,15,1,1
6a_1_7,3,2018-06-13,14,1,1
6a_1_7,4,2018-06-18,12,1,1
6a_1_7,5,2018-06-20,10,1,1
6a_1_7,6,2018-06-28,1,1,1
6a_1_7,7,2018-07-02,0,1,0
6a_1_8,1,2018-06-08,0,1,0
6a_1_8,2,2018-06-11,17,1,1
6a_1_8,3,2018-06-13,11,1,1
6a_1_8,4,2018-06-18,0,1,0
6a_1_8,5,2018-06-22,11,1,1
6a_1_8,6,2018-06-29,0,1,0
6a_2_1,1,2018-05-30,10,1,1
6a_2_1,2,2018-06-11,11,1,1
6a_2_1,3,2018-06-18,8,1,1
6a_2_2,1,2018-05-25,10,1,1
6a_2_2,2,2018-05-29,4,1,1
6a_2_2,3,2018-06-04,10,1,1
6a_2_2,4,2018-06-11,5,1,1
6a_2_2,5,2018-06-14,0,1,0
6a_2_2,6,2018-06-18,0,1,0
6a_2_3,1,2018-05-30,6,1,1
6a_2_3,2,2018-06-04,8,1,1
6a_2_3,3,2018-06-11,10,1,1
6a_2_3,4,2018-06-12,7,1,1
6a_2_3,5,2018-06-18,11,1,1
6a_2_3,6,2018-06-20,8,1,1
6a_2_3,7,2018-07-09,3,1,1
6a_2_3,8,2018-07-16,9,1,1
6a_2_3,9,2018-07-17,4,1,1
6a_2_3,10,2018-07-23,1,1,1
6a_2_4,1,2018-05-28,15,1,1
6a_2_4,2,2018-06-01,0,1,0
6a_2_4,3,2018-06-04,21,1,1
6a_2_4,4,2018-06-08,19,1,1
6a_2_4,5,2018-06-11,23,1,1
6a_2_4,6,2018-06-13,12,1,1
6a_2_4,7,2018-06-18,0,1,0
6a_2_4,8,2018-06-25,9,1,1
6a_2_4,9,2018-07-09,9,1,1
6a_2_5,1,2018-05-30,0,1,0
6a_2_5,2,2018-06-06,6,1,1
6a_2_5,3,2018-06-11,15,1,1
6a_2_5,4,2018-06-11,10,1,1
6a_2_5,5,2018-06-15,8,1,1
6a_2_5,6,2018-06-22,7,1,1
6a_2_5,7,2018-07-02,4,1,1
6a_2_5,8,2018-07-09,4,1,1
6a_2_5,9,2018-07-16,3,1,1
6a_2_6,1,2018-06-07,6,1,1
6a_2_6,2,2018-06-11,12,1,1
6a_2_6,3,2018-06-18,7,1,1
6a_2_6,4,2018-06-25,3,1,1
6a_2_7,1,2018-06-04,12,1,1
6a_2_7,2,2018-06-07,16,1,1
6a_2_7,3,2018-06-11,0,1,0
6a_2_7,4,2018-06-12,9,1,1
6a_2_7,5,2018-06-15,12,1,1
6a_2_7,6,2018-06-19,19,1,1
6a_2_7,7,2018-06-25,8,1,1
6a_2_7,8,2018-07-02,7,1,1
6a_2_7,9,2018-07-09,5,1,1
6a_2_7,10,2018-07-16,2,1,1
6a_2_8,1,2018-06-08,11,1,1
6a_2_8,2,2018-06-11,16,1,1
6a_2_8,3,2018-06-13,17,1,1
6a_2_8,4,2018-06-18,13,1,1
6a_2_8,5,2018-06-25,6,1,1
6a_2_8,6,2018-07-02,8,1,1
6a_2_8,7,2018-07-09,0,1,0
6a_2_9,1,2018-06-11,16,1,1
6a_2_9,2,2018-06-13,10,1,1
6a_2_9,3,2018-06-18,15,1,1
6a_2_9,4,2018-06-20,9,1,1
6a_2_9,5,2018-06-25,6,1,1
6a_2_9,6,2018-06-29,9,1,1
6a_2_9,7,2018-07-09,0,1,0
6a_3_1,1,2018-06-12,0,1,0
6a_3_1,2,2018-06-20,0,1,0
6a_3_1,3,2018-07-02,0,1,0
6a_3_1,4,2018-07-09,0,1,0
6a_3_1,5,2018-07-18,0,1,0
6a_3_2,1,2018-06-22,10,1,1
6a_3_2,2,2018-06-29,10,1,1
6a_3_2,3,2018-07-04,7,1,1
6a_3_2,4,2018-07-16,4,1,1
6a_3_2,5,2018-07-18,10,1,1
6a_3_3,1,2018-06-25,12,1,1
6a_3_3,2,2018-07-02,12,1,1
6a_3_3,3,2018-07-09,11,1,1
6a_3_3,4,2018-07-12,9,1,1
6a_3_3,5,2018-07-16,6,1,1
6a_3_3,6,2018-07-30,0,1,0
6a_3_4,1,2018-07-09,8,1,1
6a_3_4,2,2018-07-16,0,1,0
6a_3_4,3,2018-07-18,0,1,0
6b_3_1,1,2018-06-25,19,1,1
6b_3_1,2,2018-07-10,4,1,1
6b_3_1,3,2018-07-16,4,1,1
6b_3_2,1,2018-07-02,12,1,1
6b_3_2,2,2018-07-09,11,1,1
6b_3_2,3,2018-07-12,8,1,1
6b_3_2,4,2018-07-18,8,1,1
6b_3_2,5,2018-08-08,3,1,1
6b_3_3,1,2018-07-02,8,1,1
6b_3_3,2,2018-07-09,11,1,1
6b_3_3,3,2018-07-16,3,1,1
6b_3_4,1,2018-07-09,10,1,1
6b_3_4,2,2018-07-12,10,1,1
6b_3_4,3,2018-07-16,6,1,1
6b_3_4,4,2018-07-30,8,1,1
6b_3_5,1,2018-07-16,4,1,1
6b_3_5,2,2018-07-20,8,1,1
6b_3_6,1,2018-07-30,9,1,1
6b_3_6,2,2018-08-20,2,1,1
8_1_1,1,2018-05-30,0,1,0
8_1_1,2,2018-06-04,11,1,1
8_1_1,3,2018-06-08,14,1,1
8_1_1,4,2018-06-11,0,1,0
8_1_1,5,2018-06-18,0,1,0
8_1_1,6,2018-06-25,7,1,1
8_1_2,1,2018-06-12,0,1,0
8_1_2,2,2018-06-26,0,1,0
8_1_2,3,2018-07-23,0,1,0
8_1_3,1,2018-07-16,9,1,1
8_1_3,2,2018-07-17,7,1,1
8_1_3,3,2018-08-10,7,1,1
8_1_3,4,2018-08-20,4,1,1
8_1_4,1,2018-07-23,2,1,1
8_1_4,2,2018-08-06,5,1,1
8_1_4,3,2018-08-08,7,1,1
8_1_4,4,2018-08-15,8,1,1
8_1_4,5,2018-08-20,1,1,1
8_1_4,6,2018-08-20,0,1,0
8_1_5,1,2018-07-24,10,1,1
8_4_1,1,2018-06-04,5,1,1
8_4_1,2,2018-06-11,0,1,0
8_4_1,3,2018-06-18,10,1,1
8_4_1,4,2018-06-20,11,1,1
8_4_1,5,2018-06-28,4,1,1
8_4_1,6,2018-07-02,0,1,0
8_4_2,1,2018-06-07,9,1,1
8_4_2,2,2018-06-11,0,1,0
8_4_2,3,2018-06-18,10,1,1
8_4_2,4,2018-06-22,8,1,1
8_4_2,5,2018-06-28,7,1,1
8_4_2,6,2018-07-09,3,1,1
8_4_2,7,2018-07-12,4,1,1
8_4_2,8,2018-07-16,6,1,1
8_4_2,9,2018-07-20,0,1,0
8_4_2,10,2018-07-25,4,1,1
8_4_2,11,2018-08-03,0,1,0
8_4_3,1,2018-05-30,11,1,1
8_4_3,2,2018-06-04,10,1,1
8_4_3,3,2018-06-11,12,1,1
8_4_3,4,2018-06-11,0,1,0
8_4_3,5,2018-06-14,8,1,1
8_4_3,6,2018-06-18,0,1,0
8_4_3,7,2018-06-25,0,1,0
8_4_4,1,2018-06-04,17,1,1
8_4_4,2,2018-06-07,17,1,1
8_4_4,3,2018-06-11,15,1,1
8_4_4,4,2018-06-14,0,1,0
8_4_4,5,2018-06-18,6,1,1
8_4_4,6,2018-06-25,11,1,1
8_4_4,7,2018-07-02,7,1,1
8_4_4,8,2018-07-06,0,1,0
8_4_4,9,2018-07-09,0,1,0
8_4_5,1,2018-06-04,12,1,1
8_4_5,2,2018-06-08,15,1,1
8_4_5,3,2018-06-11,0,1,0
8_4_5,4,2018-06-18,9,1,1
8_4_5,5,2018-06-25,0,1,0
8_4_6,1,2018-06-08,0,1,0
8_4_6,2,2018-06-11,6,1,1
8_4_6,3,2018-06-11,0,1,0
8_4_6,4,2018-06-14,0,1,0
8_4_6,5,2018-06-18,8,1,1
8_4_6,6,2018-06-22,6,1,1
8_4_6,7,2018-06-29,3,1,1
8_4_6,8,2018-07-09,4,1,1
8_4_6,9,2018-07-16,0,1,0
8_12_1,1,2018-06-18,15,1,1
8_12_1,2,2018-06-25,9,1,1
8_12_1,3,2018-07-02,8,1,1
8_12_1,4,2018-07-09,8,1,1
8_12_1,5,2018-07-16,6,1,1
8_12_1,6,2018-07-30,1,1,1
8_12_2,1,2018-06-18,7,1,1
8_12_3,1,2018-06-25,7,1,1
8_12_3,2,2018-07-02,11,1,1
8_12_3,3,2018-07-09,13,1,1
8_12_3,4,2018-07-12,10,1,1
8_12_3,5,2018-07-16,5,1,1
8_12_4,1,2018-06-25,10,1,1
8_12_4,2,2018-07-02,10,1,1
8_12_4,3,2018-07-12,0,1,0
8_12_4,4,2018-07-25,0,1,0
8_12_5,1,2018-06-19,0,1,0
8_12_5,2,2018-07-02,11,1,1
8_12_6,1,2018-07-06,8,1,1
8_12_6,2,2018-07-12,5,1,1
8_12_6,3,2018-07-17,4,1,1
8_12_7,1,2018-07-09,7,1,1
8_12_7,2,2018-07-12,8,1,1
8_12_7,3,2018-07-16,6,1,1
8_12_7,4,2018-07-23,0,1,0
9_4_1,1,2018-05-30,13,1,1
9_4_1,2,2018-06-11,14,1,1
9_4_1,3,2018-07-04,3,1,1
9_5_1,1,2018-06-04,11,1,1
9_5_1,2,2018-06-08,13,1,1
9_5_1,3,2018-06-11,12,1,1
9_5_1,4,2018-06-15,7,1,1
9_5_1,5,2018-06-19,7,1,1
9_5_1,6,2018-06-28,1,1,1
9_5_1,7,2018-07-09,0,1,0
9_5_1,8,2018-07-18,5,1,1
9_5_2,1,2018-06-04,13,1,1
9_5_2,2,2018-06-11,0,1,0
9_5_2,3,2018-06-12,0,1,0
9_5_3,1,2018-06-04,10,1,1
9_5_3,2,2018-06-11,13,1,1
9_5_3,3,2018-06-11,9,1,1
9_5_3,4,2018-06-14,9,1,1
9_5_3,5,2018-06-18,7,1,1
9_5_3,6,2018-06-26,0,1,0
9_5_3,7,2018-07-02,0,1,0
9_5_3,8,2018-07-10,0,1,0
9_5_4,1,2018-06-11,16,1,1
9_5_4,2,2018-06-14,12,1,1
9_5_4,3,2018-06-18,9,1,1
9_5_4,4,2018-06-22,11,1,1
9_5_4,5,2018-06-26,4,1,1
9_5_4,6,2018-07-03,6,1,1
9_5_5,1,2018-06-11,13,1,1
9_5_5,2,2018-06-14,7,1,1
9_5_5,3,2018-06-18,7,1,1
9_5_5,4,2018-06-22,0,1,0
9_5_6,1,2018-06-12,6,1,1
9_5_6,2,2018-06-18,6,1,1
9_5_6,3,2018-06-20,8,1,1
9_5_6,4,2018-06-28,5,1,1
9_5_6,5,2018-07-03,3,1,1
9_5_6,6,2018-07-09,3,1,1
9_5_7,1,2018-06-18,0,1,0
9_5_7,2,2018-06-25,0,1,0
9_5_7,3,2018-07-16,0,1,0
9_5_8,1,2018-07-10,8,1,1
9_5_8,2,2018-07-16,5,1,1
9_5_8,3,2018-07-18,7,1,1
9_5_8,4,2018-07-30,4,1,1
9_8_1,1,2018-05-30,10,1,1
9_8_1,2,2018-06-01,10,1,1
9_8_1,3,2018-06-08,14,1,1
9_8_1,4,2018-06-11,9,1,1
9_8_1,5,2018-06-18,11,1,1
9_8_1,6,2018-06-25,0,1,0
9_8_2,1,2018-06-11,12,1,1
9_8_2,2,2018-06-15,0,1,0
9_8_2,3,2018-06-20,0,1,0
9_8_3,1,2018-05-30,14,1,1
9_8_3,2,2018-06-04,12,1,1
9_8_3,3,2018-06-08,15,1,1
9_8_3,4,2018-06-12,8,1,1
9_8_3,5,2018-06-18,13,1,1
9_8_3,6,2018-06-28,7,1,1
9_8_3,7,2018-07-09,0,1,0
9_8_3,8,2018-07-12,10,1,1
9_8_3,9,2018-07-18,0,1,0
9_8_4,1,2018-06-11,9,1,1
9_8_4,2,2018-06-14,4,1,1
9_8_4,3,2018-06-20,0,1,0
9_8_4,4,2018-06-28,0,1,0
9_8_4,5,2018-07-06,0,1,0
9_8_4,6,2018-07-17,0,1,0
9_8_4,7,2018-07-23,0,1,0
9_8_5,1,2018-06-14,13,1,1
9_8_5,2,2018-06-20,7,1,1
9_8_5,3,2018-06-26,0,1,0
9_8_5,4,2018-07-04,5,1,1
9_8_6,1,2018-06-13,12,1,1
9_8_6,2,2018-06-18,12,1,1
9_8_7,1,2018-06-11,0,1,0
9_8_7,2,2018-06-18,0,1,0
9_8_9,1,2018-06-06,11,1,1
9_8_9,2,2018-06-11,9,1,1
9_8_9,3,2018-06-11,13,1,1
9_8_9,4,2018-06-14,9,1,1
9_8_9,5,2018-06-18,8,1,1
9_8_9,6,2018-06-25,4,1,1
9_8_10,1,2018-06-01,0,1,0
9_8_10,2,2018-06-04,13,1,1
9_8_10,3,2018-06-08,12,1,1
9_8_10,4,2018-06-11,12,1,1
9_8_10,5,2018-06-18,9,1,1
9_8_10,6,2018-06-20,6,1,1
9_8_10,7,2018-06-26,6,1,1
9_8_10,8,2018-07-06,5,1,1
9_8_10,9,2018-07-12,5,1,1
9_8_10,10,2018-07-25,0,1,0
9_8_11,1,2018-06-15,15,1,1
9_8_11,2,2018-06-19,9,1,1
9_8_11,3,2018-06-25,3,1,1
9_8_11,4,2018-07-06,0,1,0
9_8_12,1,2018-06-04,15,1,1
9_8_12,2,2018-06-07,12,1,1
9_8_12,3,2018-06-11,16,1,1
9_8_12,4,2018-06-11,9,1,1
9_8_12,5,2018-06-14,12,1,1
9_8_12,6,2018-06-19,9,1,1
9_8_12,7,2018-06-25,8,1,1
9_8_12,8,2018-07-09,3,1,1
9_8_13,1,2018-06-04,11,1,1
9_8_13,2,2018-06-13,0,1,0
9_8_13,3,2018-06-18,0,1,0
9_8_14,1,2018-06-06,13,1,1
9_8_14,2,2018-06-08,18,1,1
9_8_14,3,2018-06-11,18,1,1
9_8_14,4,2018-06-11,11,1,1
9_8_14,5,2018-06-11,17,1,1
9_8_14,6,2018-06-13,10,1,1
9_8_14,7,2018-06-18,11,1,1
9_8_14,8,2018-06-22,8,1,1
9_8_14,9,2018-06-22,7,1,1
9_8_14,10,2018-07-02,6,1,1
9_8_14,11,2018-07-09,10,1,1
9_8_14,12,2018-07-12,6,1,1
9_8_14,13,2018-07-17,1,1,1
9_8_14,14,2018-07-23,4,1,1
9_8_15,1,2018-06-18,11,1,1
9_10_1,1,2018-05-24,10,1,1
9_10_1,2,2018-05-28,9,1,1
9_10_1,3,2018-06-04,10,1,1
9_10_1,4,2018-06-08,15,1,1
9_10_1,5,2018-06-11,14,1,1
9_10_1,6,2018-06-14,5,1,1
9_10_1,7,2018-06-19,4,1,1
9_10_1,8,2018-06-25,4,1,1
9_10_1,9,2018-07-02,2,1,1
9_10_1,10,2018-07-09,6,1,1
9_10_2,1,2018-06-01,7,1,1
9_10_2,2,2018-06-04,11,1,1
9_10_2,3,2018-06-08,9,1,1
9_10_2,4,2018-06-11,3,1,1
9_10_2,5,2018-06-15,6,1,1
9_10_2,6,2018-06-19,3,1,1
9_10_2,7,2018-06-25,0,1,0
9_10_2,8,2018-07-06,5,1,1
9_10_2,9,2018-07-09,0,1,0
9_10_3,1,2018-05-28,9,1,1
9_10_3,2,2018-05-30,0,1,0
9_10_3,3,2018-06-04,8,1,1
9_10_3,4,2018-06-11,6,1,1
9_10_3,5,2018-06-14,2,1,1
9_10_4,1,2018-06-04,6,1,1
9_10_4,2,2018-06-11,13,1,1
9_10_4,3,2018-06-11,11,1,1
9_10_4,4,2018-06-14,12,1,1
9_10_4,5,2018-06-20,8,1,1
9_10_4,6,2018-06-29,7,1,1
9_10_4,7,2018-07-04,8,1,1
9_10_4,8,2018-07-12,1,1,1
9_10_5,1,2018-06-01,13,1,1
9_10_5,2,2018-06-04,15,1,1
9_10_5,3,2018-06-06,8,1,1
9_10_5,4,2018-06-11,18,1,1
9_10_5,5,2018-06-11,9,1,1
9_10_5,6,2018-06-14,5,1,1
9_10_5,7,2018-06-19,2,1,1
9_10_5,8,2018-06-25,9,1,1
9_10_5,9,2018-07-02,8,1,1
9_10_6,1,2018-06-11,12,1,1
9_10_6,2,2018-06-15,9,1,1
9_10_6,3,2018-06-18,7,1,1
9_10_6,4,2018-06-26,2,1,1
9_10_6,5,2018-07-02,0,1,0
9_10_6,6,2018-07-04,0,1,0
9_10_7,1,2018-06-11,8,1,1
9_10_7,2,2018-06-15,13,1,1
9_10_7,3,2018-06-18,9,1,1
9_10_7,4,2018-06-25,7,1,1
9_10_8,1,2018-06-11,11,1,1
9_10_8,2,2018-06-15,7,1,1
9_10_8,3,2018-06-19,0,1,0
alpha_1,1,2018-07-12,13,1,1
alpha_1,2,2018-07-17,9,1,1
alpha_1,3,2018-07-25,4,1,1
alpha_1,4,2018-08-08,0,1,0
beta_1,1,2018-07-09,10,1,1
beta_1,2,2018-07-12,7,1,1
beta_1,3,2018-07-20,0,1,0
beta_2,1,2018-07-09,6,1,1
beta_2,2,2018-07-16,6,1,1
delta_1,1,2018-07-17,0,1,0
epsilon_1,1,2018-07-20,1,1,1
epsilon_2,1,2018-07-10,10,1,1
epsilon_2,2,2018-07-16,5,1,1
epsilon_2,3,2018-07-23,5,1,1
epsilon_3,1,2018-07-16,5,1,1
epsilon_3,2,2018-07-26,4,1,1
zeta_1,1,2018-07-25,3,1,1
zeta_2,1,2018-07-12,8,1,1
zeta_2,2,2018-07-20,5,1,1
zeta_3,1,2018-07-10,11,1,1
zeta_3,2,2018-07-16,12,1,1
zeta_3,3,2018-07-18,8,1,1
zeta_4,1,2018-07-12,5,1,1
zeta_4,2,2018-07-18,6,1,1
zeta_4,3,2018-07-26,2,1,1
zeta_4,4,2018-08-08,1,1,1
zeta_5,1,2018-07-12,3,1,1
zeta_5,2,2018-07-18,8,1,1
zeta_6,1,2018-07-20,5,1,1
zeta_6,2,2018-08-03,6,1,1
zeta_6,3,2018-08-08,8,1,1
zeta_8,1,2018-08-10,4,1,1
theta_1,1,2018-07-16,7,1,1
theta_1,2,2018-07-20,3,1,1
theta_3,1,NA,6,1,1
theta_3,2,2018-07-30,0,1,0
theta_4,1,2018-08-08,7,1,1
theta_4,2,2018-08-13,0,1,0
theta_4,3,2018-08-27,4,1,1
lambda_1,1,2018-07-16,0,1,0
lambda_1,2,2018-07-20,0,1,0
lambda_2,1,2018-07-16,5,1,1
lambda_3,1,2018-07-16,0,1,0
lambda_3,2,2018-07-20,6,1,1
mu_1,1,2018-07-20,1,1,1
mu_1,2,2018-07-25,4,1,1
mu_1,3,2018-08-23,0,1,0
xsi_1,1,2018-07-20,7,1,1
xsi_1,2,2018-08-01,3,1,1
sigma_1,1,2018-07-16,7,1,1
sigma_1,2,2018-07-20,0,1,0
sigma_2,1,2018-07-20,3,1,1
sigma_3,1,2018-07-25,2,1,1
omega_1,1,2018-07-18,0,1,0
omega_1,2,2018-08-03,0,1,0
omega_2,1,2018-07-20,3,1,1
cCedille_1,1,2018-07-16,9,1,1
cCedille_1,2,2018-07-20,0,1,0
cCedille_2,1,2018-07-20,9,1,1
cCedille_2,2,2018-08-03,6,1,1
cCedille_3,1,2018-07-17,0,1,0
cCedille_4,1,2018-07-20,8,1,1
cCedille_4,2,2018-08-03,6,1,1
cCedille_4,3,2018-08-08,0,1,0
uAccent_1,1,2018-07-25,2,1,1
uAccent_2,1,2018-07-20,7,1,1
uAccent_3,1,2018-07-25,5,1,1
A_1,1,2018-07-12,10,1,1
A_1,2,2018-07-20,4,1,1
B_4,1,2018-07-12,0,1,0
B_5,1,2018-07-20,0,1,0
F_1,1,2018-07-16,6,1,1
F_1,2,2018-07-25,0,1,0
F_2,1,2018-07-20,9,1,1
G_1,1,2018-07-12,0,1,0
G_1,2,2018-07-16,14,1,1
G_1,3,2018-07-18,11,1,1
G_1,4,2018-08-08,4,1,1
G_1,5,2018-08-17,3,1,1
G_2,1,2018-07-12,0,1,0
G_2,2,2018-07-18,9,1,1
G_3,1,2018-07-10,0,1,0
G_3,2,2018-07-16,0,1,0
G_4,1,2018-07-30,9,1,1
G_4,2,2018-08-10,8,1,1
G_5,1,2018-07-25,6,1,1
G_5,2,2018-08-08,12,1,1
G_5,3,2018-08-15,7,1,1
G_6,1,2018-07-30,2,1,1
G_6,2,2018-08-17,4,1,1
G_6,3,2018-08-20,4,1,1
G_6,4,2018-09-04,0,1,0
I_1,1,2018-07-12,5,1,1
I_1,2,2018-08-23,5,1,1
I_2,1,2018-07-10,0,1,0
I_2,2,2018-07-16,0,1,0
I_3,1,2018-07-20,2,1,1
I_4,1,2018-07-20,6,1,1
I_4,2,2018-07-30,7,1,1
J_1,1,2018-07-16,0,1,0
M_1,1,2018-07-16,12,1,1
M_1,2,2018-07-25,3,1,1
M_1,3,2018-08-09,1,1,1
M_3,1,2018-07-25,6,1,1
M_3,2,2018-07-31,3,1,1
M_3,3,2018-08-20,3,1,1
O_1,1,2018-07-16,6,1,1
O_1,2,2018-07-20,6,1,1
O_2,1,2018-07-16,7,1,1
O_3,1,2018-07-16,5,1,1
O_3,2,2018-08-20,4,1,1
O_4,1,2018-07-30,4,1,1
O_4,2,2018-08-20,4,1,1
Q_1,1,2018-07-20,4,1,1
Q_1,2,2018-08-03,4,1,1
Q_1,3,2018-08-09,2,1,1
T_1,1,2018-07-16,3,1,1
T_1,2,2018-07-25,6,1,1
T_2,1,2018-07-25,1,1,1
T_3,1,2018-07-20,5,1,1
U_1,1,2018-07-09,6,1,1
U_1,2,2018-07-10,0,1,0
U_1,3,2018-07-18,0,1,0
U_2,1,2018-07-16,6,1,1
U_3,1,2018-07-12,11,1,1
U_3,2,2018-07-18,10,1,1
U_3,3,2018-07-30,4,1,1
V_1,1,2018-07-16,10,1,1
V_1,2,2018-07-25,4,1,1
W_1,1,2018-07-12,8,1,1
W_1,2,2018-07-16,4,1,1
W_1,3,2018-07-26,5,1,1
W_2,1,2018-07-12,4,1,1
W_3,1,2018-07-16,0,1,0
W_4,1,2018-07-16,6,1,1
W_4,2,2018-08-15,0,1,0
W_5,1,2018-07-16,8,1,1
W_5,2,2018-07-18,6,1,1
10_1,1,2018-07-16,8,1,1
10_2,1,2018-07-12,5,2,1
10_2,2,2018-07-16,2,1,1
10_2,3,2018-08-13,0,1,0
11_1,1,2018-07-18,1,1,1
11_1,2,2018-07-25,1,1,1
12_1,1,2018-07-12,5,1,1
12_2,1,2018-07-12,4,1,1
12_2,2,2018-07-17,0,1,0
12_2,3,2018-07-25,1,1,1
12_3,1,2018-07-12,5,1,1
12_3,2,2018-07-20,0,1,0
14_1,1,2018-07-16,2,1,1
14_1,2,2018-07-18,0,1,0
14_1,3,2018-07-30,0,1,0
14_2,1,2018-07-18,9,1,1
14_3,1,2018-07-20,2,1,1
14_4,1,2018-07-20,3,1,1
14_5,1,2018-07-20,0,1,0
15_1,1,2018-07-16,5,1,1
15_1,2,2018-07-20,5,1,1
15_2,1,2018-07-17,5,1,1
15_3,1,2018-07-20,7,1,1
15_3,2,2018-08-06,5,1,1
15_4,1,2018-07-16,0,1,0
15_4,2,2018-07-20,0,1,0
15_5,1,2018-07-26,4,1,1
15_5,2,2018-08-08,5,1,1
15_5,3,2018-08-13,8,1,1
19_1,1,2018-07-12,0,1,0
19_2,1,2018-07-17,0,1,0
19_3,1,2018-07-16,0,1,0
19_3,2,2018-07-20,0,1,0
19_3,3,2018-07-30,0,1,0
19_3,4,2018-08-08,0,1,0
19_4,1,2018-07-12,10,1,1
19_4,2,2018-07-17,2,1,1
19_4,3,2018-07-20,1,1,1
19_5,1,2018-07-12,4,1,1
19_5,2,2018-07-18,6,1,1
19_6,1,2018-07-20,7,1,1
19_6,2,2018-07-25,0,1,0
21_2,1,2018-07-16,3,1,1
21_2,2,2018-08-15,1,1,1
21_2,3,2018-08-20,7,1,1
21_3,1,2018-07-09,10,1,1
21_3,2,NA,6,1,1
21_3,3,2018-08-01,0,1,0
21_3,4,2018-08-06,0,1,0
21_4,1,2018-07-10,6,1,1
21_4,2,2018-07-16,1,1,1
21_4,3,2018-07-26,1,1,1
21_5,1,2018-07-16,7,1,1
21_6,1,2018-07-18,9,1,1
21_6,2,2018-07-25,0,1,0
21_7,1,2018-07-30,6,1,1
22_1,1,2018-07-18,0,1,0
22_1,2,2018-08-29,0,1,0
23_1,1,2018-07-16,6,1,1
23_1,2,2018-07-26,3,1,1
23_2,1,2018-07-26,3,1,1
23_3,1,2018-07-12,0,1,0
23_3,2,2018-07-20,3,1,1
23_3,3,2018-08-08,0,1,0
23_4,1,2018-07-18,9,1,1
23_5,1,2018-07-18,0,1,0
23_6,1,2018-07-20,7,1,1
23_6,2,2018-08-01,6,1,1
24_1,1,2018-08-01,5,1,1
24_1,2,2018-08-17,5,1,1
24_2,1,2018-08-23,0,1,0
24_3,1,2018-08-08,6,1,1
24_3,2,2018-08-15,6,1,1
24_3,3,2018-08-20,6,1,1
24_3,4,2018-09-04,0,1,0
24_4,1,2018-08-23,0,1,0
24_5,1,2018-08-08,0,1,0
24_8,1,2018-08-08,0,1,0
27_1,1,2018-08-13,9,1,1
27_1,2,2018-08-20,8,1,1
27_3,1,2018-08-27,0,1,0
27_8,1,2018-09-04,0,1,0
27_9,1,2018-08-09,1,1,1
27_10,1,2018-08-13,3,1,1
27_10,2,2018-09-04,0,1,0
27_11,1,2018-08-23,0,1,0
31_1,1,2018-08-06,0,1,0
31_2,1,2018-08-13,0,1,0
31_2,2,2018-08-20,0,1,0
31_3,1,2018-08-06,0,1,0
31_4,1,2018-08-06,0,1,0
31_6,1,2018-08-06,0,1,0
31_8,1,2018-08-08,1,1,1
31_8,2,2018-08-17,0,1,0
31_9,1,2018-08-17,0,1,0
31_10,1,2018-08-09,6,1,1
31_10,2,2018-08-13,8,1,1
31_10,3,2018-08-20,5,1,1
