ID,landscape,patch,sex,captured_on,date_mating,date_death,outlived_experiment,accidental_death,natural_death_before_dispersal,generation,date_egg,date_hatching,date_maturity,has.tiptoed,N_rappelling,N_other_tiptoe,CT_width1,CT_length1,CT_width2,CT_length2
2_1,west,2,F,April 12 or 13,NA,2018-05-02,0,0,0,0,NA,NA,NA,1,1,0,1.1466,1.345,1.1344,1.3824
2_3,west,2,F,April 12 or 13,NA,2018-04-25,0,0,0,0,NA,NA,NA,1,3,5,1.1349,1.3854,1.1247,1.319
2_5,west,2,F,April 12 or 13,NA,2018-04-26,0,0,0,0,NA,NA,NA,1,1,0,1.2698,1.5261,1.259,1.4554
2_6,west,2,F,April 12 or 13,NA,2018-04-30,0,0,0,0,NA,NA,NA,0,0,0,1.1588,1.3302,1.2076,1.3929
3_6,west,3,F,April 12 or 13,NA,2018-05-02,0,0,0,0,NA,NA,NA,1,0,1,1.2109,1.5884,1.1849,1.561
3_7,west,3,F,April 12 or 13,NA,2018-04-26,0,0,0,0,NA,NA,NA,1,6,4,1.1892,1.1394,1.2269,1.1516
3_8,west,3,F,April 12 or 13,NA,2018-04-25,0,0,0,0,NA,NA,NA,1,11,6,1.1945,1.2927,1.2112,1.3387
3_9,west,3,F,April 12 or 13,NA,2018-05-02,0,0,0,0,NA,NA,NA,1,2,3,1.1889,1.3395,1.2211,1.3083
3_12,west,3,F,April 12 or 13,NA,2018-04-30,0,0,0,0,NA,NA,NA,0,0,0,1.0801,1.4013,1.0749,1.3554
4_2,west,4,F,April 12 or 13,NA,2018-05-02,0,0,0,0,NA,NA,NA,0,0,0,1.1608,1.3613,1.1028,1.2751
5_5,west,5,F,April 12 or 13,NA,2018-04-30,0,0,0,0,NA,NA,NA,1,10,10,1.1178,1.3016,1.1729,1.2955
5_6,west,5,F,April 12 or 13,NA,2018-05-02,0,0,0,0,NA,NA,NA,1,5,2,1.1713,1.4399,1.0978,1.3907
5_8,west,5,F,April 12 or 13,NA,2018-04-30,0,0,0,0,NA,NA,NA,0,0,0,1.2454,1.4464,1.2685,1.3297
5_9,west,5,F,April 12 or 13,NA,2018-05-02,0,0,0,0,NA,NA,NA,1,5,0,1.2483,1.4525,1.27,1.5093
5_11,west,5,F,April 12 or 13,NA,2018-05-02,0,0,0,0,NA,NA,NA,1,12,9,1.1505,1.2692,1.1164,1.3482
5_13,west,5,F,April 12 or 13,NA,2018-05-02,0,0,0,0,NA,NA,NA,0,0,0,1.2172,1.6221,1.1867,1.6329
5_14,west,5,F,April 12 or 13,NA,2018-04-30,0,0,0,0,NA,NA,NA,1,9,1,1.1907,1.4038,1.1809,1.3694
5_17,west,5,F,April 12 or 13,NA,2018-05-02,0,0,0,0,NA,NA,NA,1,4,0,1.1358,1.2684,1.0743,1.2074
5_19,west,5,F,April 12 or 13,NA,2018-05-02,0,0,0,0,NA,NA,NA,1,1,1,1.192,1.4193,1.1894,1.4582
6a_1,east,6a,F,April 12 or 13,NA,2018-04-26,0,0,0,0,NA,NA,NA,0,0,0,1.1749,1.3228,1.1608,1.3547
6a_2,east,6a,F,April 12 or 13,NA,2018-05-02,0,0,0,0,NA,NA,NA,1,5,1,1.171,1.3903,1.1832,1.4025
6a_3,east,6a,F,May 4,NA,2018-05-22,0,0,0,0,NA,NA,NA,1,7,2,1.098,1.3766,1.0818,1.4073
6a_4,east,6a,F,May 4,NA,2018-06-18,0,0,0,0,NA,NA,NA,0,0,0,0.98,1.1083,0.993,1.1764
6a_6,east,6a,F,May 9,NA,2018-05-16,0,0,0,0,NA,NA,NA,0,0,0,1.2162,1.3639,1.2294,1.3663
6b_1,east,6b,F,May 4,NA,2018-05-23,0,0,0,0,NA,NA,NA,0,0,0,1.1009,1.492,1.0892,1.4745
6b_3,east,6b,F,May 9,NA,2018-06-04,0,0,0,0,NA,NA,NA,1,5,2,0.9576,1.1831,0.9545,1.1572
8_1,east,8,F,April 12 or 13,NA,2018-05-02,0,0,0,0,NA,NA,NA,1,11,1,1.1108,1.2833,1.0776,1.2113
8_4,east,8,F,April 12 or 13,NA,2018-05-02,0,0,0,0,NA,NA,NA,1,1,2,1.2083,1.318,1.2083,1.3415
8_12,east,8,F,May 9,NA,2018-05-28,0,0,0,0,NA,NA,NA,0,0,0,0.9545,1.2349,1.0205,1.1278
9_2,west,9,F,April 12 or 13,NA,2018-04-25,0,0,0,0,NA,NA,NA,0,0,0,1.2732,1.3386,1.2698,1.3016
9_3,west,9,F,April 12 or 13,NA,2018-04-25,0,0,0,0,NA,NA,NA,1,4,0,1.1268,1.3824,1.0987,1.3441
9_4,west,9,F,April 12 or 13,NA,2018-04-25,0,0,0,0,NA,NA,NA,1,0,1,1.1127,1.2712,1.1456,1.2342
9_5,west,9,F,April 12 or 13,NA,2018-04-30,0,0,0,0,NA,NA,NA,1,2,0,1.0914,1.2966,1.1576,1.331
9_6,west,9,F,April 12 or 13,NA,2018-05-02,0,0,0,0,NA,NA,NA,1,11,7,0.9272,1.122,0.8906,1.1708
9_8,west,9,F,April 12 or 13,NA,2018-05-02,0,0,0,0,NA,NA,NA,1,1,3,1.2193,1.4376,1.2452,1.3918
9_9,west,9,F,April 12 or 13,NA,2018-05-02,0,0,0,0,NA,NA,NA,1,2,1,1.2404,1.258,1.1542,1.2342
9_10,west,9,F,April 12 or 13,NA,2018-04-25,0,0,0,0,NA,NA,NA,1,1,0,1.1586,1.2089,1.1723,1.1852
2_3_1,west,2,F,NA,2018-05-22,2018-07-16,0,0,0,1,2018-04-16,2018-04-26,2018-05-14,1,3,3,1.0759,1.4186,1.0913,1.4269
2_3_2,west,2,F,NA,2018-05-25,2018-07-16,0,0,0,1,2018-04-16,2018-04-26,2018-05-18,1,0,4,1.0453,1.2697,1.0915,1.2666
2_3_3,west,2,F,NA,2018-05-22,2018-06-04,0,0,0,1,2018-04-16,2018-04-26,2018-05-15,1,5,3,1.0186,1.3048,0.9995,1.3132
2_3_4,west,2,F,NA,2018-05-25,2018-08-06,0,0,0,1,2018-04-20,2018-04-30,2018-05-18,1,11,7,1.0256,1.329,1.0822,1.2753
2_3_5,west,2,F,NA,NA,2018-08-06,0,0,0,1,2018-04-20,2018-04-30,2018-05-28,1,0,2,0.9806,1.4695,0.9622,1.5313
2_3_6,west,2,F,NA,2018-06-08,2018-07-11,0,0,0,1,2018-04-20,2018-04-30,2018-05-30,0,0,0,0.9505,1.2489,0.9838,1.2622
2_3_7,west,2,F,NA,NA,2018-06-12,0,0,1,1,2018-04-23,2018-05-02,2018-06-04,NA,NA,NA,0.9741,1.1752,0.993,1.2045
2_3_8,west,2,F,NA,2018-07-06,2018-07-30,0,0,0,1,2018-04-23,2018-05-04,2018-06-27,0,0,0,0.9396,1.0968,0.9172,1.139
2_5_1,west,2,F,NA,2018-05-18,2018-07-16,0,0,0,1,2018-04-17,2018-04-26,2018-05-11,1,0,8,1.0627,1.313,1.0552,1.3516
2_5_2,west,2,F,NA,2018-05-22,2018-06-25,0,0,0,1,2018-04-17,2018-04-26,2018-05-14,1,4,4,1.0413,1.3381,1.0004,1.3246
2_5_3,west,2,F,NA,2018-05-25,2018-05-31,0,0,0,1,2018-04-17,2018-04-26,2018-05-16,1,0,3,0.9724,1.2007,0.9965,1.2422
2_5_4,west,2,F,NA,2018-05-25,2018-07-12,0,0,0,1,2018-04-17,2018-04-26,2018-05-16,0,0,0,1.0763,1.2538,1.0292,1.2102
2_5_5,west,2,F,NA,2018-05-29,2018-07-06,0,0,0,1,2018-04-17,2018-04-26,2018-05-22,1,1,6,1.0023,1.2488,0.98,1.2687
2_5_6,west,2,F,NA,2018-05-29,2018-07-11,0,0,0,1,2018-04-17,2018-04-26,2018-05-22,1,0,2,1.043,1.3628,1.0902,1.3398
2_6_1,west,2,F,NA,2018-05-29,2018-07-11,0,0,0,1,2018-04-16,2018-04-23,2018-05-22,1,8,3,0.9309,1.2453,0.934,1.2663
2_6_2,west,2,F,NA,2018-05-29,2018-06-21,0,0,0,1,2018-04-16,2018-04-23,2018-05-22,1,5,5,0.8835,1.1981,0.9158,1.2149
2_6_3,west,2,F,NA,2018-06-08,2018-07-30,0,0,0,1,2018-04-23,2018-05-03,2018-05-30,1,8,7,0.8881,1.2758,0.9013,1.3534
2_6_4,west,2,F,NA,2018-06-19,2018-08-03,0,0,0,1,2018-04-23,2018-05-03,2018-06-11,1,2,2,1.0454,1.3161,1.0379,1.3797
3_6_1,west,3,F,NA,2018-05-22,2018-06-21,0,0,0,1,2018-04-16,2018-04-24,2018-05-14,1,1,3,1.0179,1.3058,1.0193,1.2824
3_6_2,west,3,F,NA,2018-05-22,2018-07-02,0,0,0,1,2018-04-16,2018-04-24,2018-05-14,1,20,8,1.0384,1.2554,1.056,1.301
3_6_3,west,3,F,NA,2018-05-25,2018-07-02,0,0,0,1,2018-04-16,2018-04-24,2018-05-16,1,3,2,1.1137,1.2667,1.0658,1.3165
3_6_4,west,3,F,NA,2018-05-25,2018-07-03,0,0,0,1,2018-04-16,2018-04-24,2018-05-18,1,15,3,1.0109,1.2599,1.0373000000000001,1.2558
3_7_1,west,3,F,NA,2018-05-29,2018-07-02,0,0,0,1,2018-04-16,2018-04-24,2018-05-22,1,0,2,0.946,1.1966,1,1.1978
3_7_2,west,3,F,NA,2018-05-25,2018-07-04,0,0,0,1,2018-04-16,2018-04-24,2018-05-17,1,11,9,0.98,1.2987,1.0186,1.295
3_7_3,west,3,F,NA,2018-06-01,2018-07-30,0,0,0,1,2018-04-16,2018-04-24,2018-05-23,0,0,0,1.0429,1.1867,1.0013,1.1984
3_7_4,west,3,F,NA,2018-06-05,2018-08-06,0,0,0,1,2018-04-19,2018-04-30,2018-05-28,0,0,0,0.7423,1.161,0.7707,1.2505
3_7_5,west,3,F,NA,NA,2018-08-01,0,0,0,1,2018-04-19,2018-04-30,2018-06-04,0,0,0,0.9209,1.1526,0.9313,1.1275
3_7_6,west,3,F,NA,2018-06-19,2018-07-16,0,0,0,1,2018-04-19,2018-04-30,2018-06-11,0,0,0,0.9873,1.1982,1.0215,1.2637
3_7_7,west,3,F,NA,2018-07-06,2018-08-27,0,0,0,1,2018-04-19,2018-04-30,2018-06-27,0,0,0,1.0714,1.328,1.0592,1.4257
3_8_1,west,3,F,NA,2018-05-22,2018-06-27,0,0,0,1,2018-04-16,2018-04-24,2018-05-14,1,0,1,1.0209,1.1958,0.9831,1.2375
3_9_1,west,3,F,NA,NA,2018-07-27,0,0,0,1,2018-04-23,2018-05-03,2018-06-04,1,5,4,1.0255,1.1846,1.0222,1.2489
5_5_1,west,5,F,NA,2018-06-05,2018-06-21,0,0,0,1,2018-04-16,2018-04-24,2018-05-15,1,1,7,1.1231,1.5127,1.0988,1.4667
5_5_2,west,5,F,NA,2018-05-29,2018-07-02,0,0,0,1,2018-04-16,2018-04-24,2018-05-22,1,1,8,0.8821,1.1984,0.9103,1.2576
5_5_3,west,5,F,NA,2018-06-08,2018-06-25,0,0,0,1,2018-04-24,2018-05-04,2018-06-01,1,0,3,0.945,1.2768,1.0003,1.3321
5_8_1,west,5,F,NA,2018-05-18,2018-06-29,0,0,0,1,2018-04-16,2018-04-24,2018-05-09,1,9,6,1.0556,1.3613,1.0726,1.3584
5_8_2,west,5,F,NA,2018-05-22,2018-06-11,0,0,0,1,2018-04-16,2018-04-24,2018-05-14,1,0,1,0.9957,1.2444,1.0193,1.2433
5_8_3,west,5,F,NA,2018-05-18,2018-07-02,0,0,0,1,2018-04-16,2018-04-24,2018-05-11,1,3,4,1.0484,1.3268,1.0847,1.44
5_8_4,west,5,F,NA,2018-05-22,2018-06-18,0,0,0,1,2018-04-16,2018-04-24,2018-05-15,1,6,3,1.0473,1.2763,1.0202,1.2911
5_8_5,west,5,F,NA,2018-05-29,2018-07-30,0,0,0,1,2018-04-16,2018-04-24,2018-05-22,1,15,6,0.9494,1.1763,0.9753,1.1895
5_8_6,west,5,F,NA,2018-05-29,2018-07-11,0,0,0,1,2018-04-18,2018-04-30,2018-05-22,1,5,3,1.011,1.2336,0.9898,1.2827
5_8_7,west,5,F,NA,2018-06-08,2018-07-20,0,0,0,1,2018-04-18,2018-04-30,2018-06-01,1,2,4,NA,NA,NA,NA
5_8_8,west,5,F,NA,NA,2018-06-22,0,0,0,1,2018-04-18,2018-04-30,2018-06-04,0,0,0,0.9957,1.2556,0.9976,1.3397
5_9_1,west,5,F,NA,2018-05-22,2018-06-22,0,0,0,1,2018-04-16,2018-04-25,2018-05-14,1,5,6,1.0237,1.2911,1.0348,1.3046
5_9_2,west,5,F,NA,2018-05-22,2018-08-09,0,0,0,1,2018-04-16,2018-04-25,2018-05-14,1,6,4,0.9638,1.3511,0.9161,1.3904
5_9_3,west,5,F,NA,2018-05-22,2018-06-25,0,0,0,1,2018-04-16,2018-04-25,2018-05-15,1,3,2,0.9995,1.2524,1.0515,1.2055
5_9_4,west,5,F,NA,2018-05-29,2018-06-25,0,0,0,1,2018-04-16,2018-04-25,2018-05-22,1,1,2,1.0158,1.2556,1.0001,1.2371
5_9_5,west,5,F,NA,2018-05-25,2018-06-13,0,0,0,1,2018-04-16,2018-04-25,2018-05-18,1,3,6,0.9873,1.2959,0.9757,1.3199
5_9_6,west,5,F,NA,2018-05-29,2018-06-28,0,0,0,1,2018-04-16,2018-04-25,2018-05-22,1,2,5,0.949,1.177,0.9513,1.1529
5_9_7,west,5,F,NA,2018-05-29,2018-07-24,0,0,0,1,2018-04-16,2018-04-25,2018-05-22,1,5,5,1.1393,1.2672,1.1065,1.2848
5_9_8,west,5,F,NA,2018-06-01,2018-07-18,0,0,0,1,2018-04-16,2018-04-25,2018-05-23,1,3,3,0.9371,1.3221,0.9689,1.2667
5_9_9,west,5,F,NA,2018-06-05,2018-07-04,0,0,0,1,2018-04-23,2018-05-03,2018-05-28,0,0,0,0.9683,1.1683,0.9824,1.1824
5_9_10,west,5,F,NA,NA,2018-07-09,0,0,0,1,2018-04-23,2018-05-03,2018-05-30,1,8,8,0.9571,1.2241,0.974,1.1992
5_9_11,west,5,F,NA,NA,2018-08-06,0,0,0,1,2018-04-23,2018-05-03,2018-05-29,1,4,2,1.0044,1.2914,1.0278,1.3207
5_9_12,west,5,F,NA,NA,2018-07-20,0,0,0,1,2018-04-23,2018-05-03,2018-06-08,0,0,0,0.974,1.2942,0.9977,1.3076
5_13_1,west,5,F,NA,2018-06-08,2018-08-10,0,0,0,1,2018-04-17,2018-04-30,2018-05-29,1,3,1,NA,NA,NA,NA
5_13_2,west,5,F,NA,2018-06-08,2018-06-11,0,1,0,1,2018-04-17,2018-04-30,2018-05-29,1,1,1,NA,NA,NA,NA
5_13_3,west,5,F,NA,2018-06-15,2018-10-01,1,0,0,1,2018-04-23,2018-05-02,2018-06-07,0,0,0,0.6318,0.7314,0.6261,0.8021
5_13_4,west,5,F,NA,2018-06-15,2018-10-01,1,0,0,1,2018-04-24,2018-05-04,2018-06-05,0,0,0,0.4036,0.592,0.3946,0.5671
5_13_5,west,5,F,NA,2018-06-15,2018-06-15,0,1,0,1,2018-04-24,2018-05-04,2018-06-05,1,0,1,0.5384,0.7693,0.5677,0.7159
5_13_6,west,5,F,NA,2018-06-15,2018-10-01,1,0,0,1,2018-04-24,2018-05-04,2018-06-05,0,0,0,0.5201,0.6458,0.5025,0.654
5_13_7,west,5,F,NA,2018-06-15,2018-09-28,0,0,0,1,2018-04-26,2018-05-07,2018-06-05,1,9,3,0.5624,0.756,0.5895,0.785
5_14_1,west,5,F,NA,2018-05-29,2018-06-21,0,0,0,1,2018-04-23,2018-05-02,2018-05-22,1,0,1,0.9849,1.1124,0.9508,1.0793
5_14_2,west,5,F,NA,2018-06-01,2018-07-04,0,0,0,1,2018-04-23,2018-05-02,2018-05-23,1,2,6,0.9401,1.1189,0.9821,1.1531
5_14_3,west,5,F,NA,2018-05-29,2018-07-25,0,0,0,1,2018-04-23,2018-05-02,2018-05-22,0,0,0,0.8587,1.2018,0.9554,1.1167
5_14_4,west,5,F,NA,NA,2018-08-06,0,0,0,1,2018-04-23,2018-05-02,2018-06-04,1,2,1,0.9869,1.3133,0.9866,1.326
5_14_5,west,5,F,NA,2018-06-12,2018-06-21,0,0,0,1,2018-04-23,2018-05-02,2018-06-04,0,0,0,0.9805,1.3208,1.0443,1.262
5_17_1,west,5,F,NA,2018-05-25,2018-07-18,0,0,0,1,2018-04-23,2018-05-02,2018-05-18,1,3,2,1.035,1.3663,1.0245,1.3816
5_17_2,west,5,F,NA,2018-05-25,2018-06-25,0,0,0,1,2018-04-23,2018-05-02,2018-05-16,1,5,2,1.0357,1.1965,1.0768,1.2251
5_17_3,west,5,F,NA,2018-05-25,2018-06-26,0,0,0,1,2018-04-23,2018-05-02,2018-05-16,0,0,0,1.0985,1.2847,1.1288,1.2246
6a_1_1,east,6a,F,NA,2018-05-18,2018-06-04,0,0,0,1,2018-04-16,2018-04-24,2018-05-11,1,5,10,1.0607,1.3859,1.055,1.4248
6a_1_2,east,6a,F,NA,2018-05-22,2018-06-28,0,0,0,1,2018-04-16,2018-04-24,2018-05-15,1,8,18,1.073,1.2655,1.0852,1.3178
6a_1_3,east,6a,F,NA,2018-05-29,2018-08-03,0,0,0,1,2018-04-16,2018-04-24,2018-05-22,1,1,4,1.0948,1.3209,1.0847,1.2367
6a_1_4,east,6a,F,NA,2018-05-29,2018-06-25,0,0,0,1,2018-04-16,2018-04-24,2018-05-22,1,2,5,1.0513,1.4017,1.094,1.4128
6a_1_5,east,6a,F,NA,2018-05-29,2018-07-09,0,0,0,1,2018-04-20,2018-04-30,2018-05-22,1,15,14,1.0307,1.1606,0.9856,1.2186
6a_1_6,east,6a,F,NA,2018-06-01,2018-07-06,0,0,0,1,2018-04-20,2018-04-30,2018-05-23,1,4,8,1.0357,1.2443,1.0739,1.2486
6a_1_7,east,6a,F,NA,2018-06-05,2018-07-09,0,0,0,1,2018-04-20,2018-04-30,2018-05-23,1,3,7,1.0513,1.2034,1.0573,1.2568
6a_1_8,east,6a,F,NA,2018-06-05,2018-07-06,0,0,0,1,2018-04-20,2018-04-30,2018-05-28,1,8,5,1.0384,1.1461,1.0299,1.1354
6a_2_1,east,6a,F,NA,2018-05-22,2018-07-02,0,0,0,1,2018-04-16,2018-04-24,2018-05-14,1,9,12,1.1555,1.2896,1.1689,1.2885
6a_2_2,east,6a,F,NA,2018-05-22,2018-07-09,0,0,0,1,2018-04-16,2018-04-24,2018-05-14,1,5,5,1.0541,1.3513,1.0544,1.3246
6a_2_3,east,6a,F,NA,2018-05-25,2018-08-08,0,0,0,1,2018-04-16,2018-04-24,2018-05-18,1,5,4,0.9319,1.1362,0.9061,1.113
6a_2_4,east,6a,F,NA,2018-05-25,2018-06-29,0,0,0,1,2018-04-23,2018-04-30,2018-05-18,1,6,4,1.0554,1.2728,1.0811,1.2316
6a_2_5,east,6a,F,NA,2018-05-25,2018-07-25,0,1,0,1,2018-04-23,2018-04-30,2018-05-18,1,6,8,0.9183,1.0862,0.9332,1.0713
6a_2_6,east,6a,F,NA,2018-05-29,2018-07-02,0,0,0,1,2018-04-16,2018-04-24,2018-05-22,1,0,3,0.9721,1.3842,0.9554,1.3119
6a_2_7,east,6a,F,NA,2018-06-01,2018-07-30,0,0,0,1,2018-04-23,2018-04-30,2018-05-23,1,3,4,1.0376,1.2834,1.0617,1.2762
6a_2_8,east,6a,F,NA,2018-06-05,2018-07-16,0,0,0,1,2018-04-23,2018-04-30,2018-05-28,1,1,9,0.9688,1.3007,0.8824,1.264
6a_2_9,east,6a,F,NA,2018-06-05,2018-07-17,0,0,0,1,2018-04-23,2018-04-30,2018-05-28,1,2,0,1.0228,1.2636,1.0327,1.1954
6a_3_1,east,6a,F,NA,NA,2018-08-06,0,0,0,1,2018-05-09,2018-05-22,2018-06-08,1,1,3,1.1619,1.5592,1.1059,1.5041
6a_3_2,east,6a,F,NA,2018-06-19,2018-07-30,0,0,0,1,2018-05-09,2018-05-22,2018-06-11,1,1,2,1.0957,1.236,1.0736,1.2638
6a_3_3,east,6a,F,NA,2018-06-22,2018-08-01,0,0,0,1,2018-05-09,2018-05-22,2018-06-12,0,0,0,0.9107,1.1103,0.9637,1.1197
6a_3_4,east,6a,F,NA,2018-06-27,2018-07-30,0,0,0,1,2018-05-09,2018-05-22,2018-06-18,1,5,6,NA,NA,NA,NA
6b_3_1,east,6b,F,NA,2018-06-19,2018-08-14,0,0,0,1,2018-05-11,2018-05-22,2018-06-11,1,2,2,1.0993,1.4926,1.0696,1.437
6b_3_2,east,6b,F,NA,2018-06-29,2018-08-23,0,0,0,1,2018-05-11,2018-05-22,2018-06-14,1,2,2,1.0506,1.3529,1.0559,1.3541
6b_3_3,east,6b,F,NA,2018-06-22,2018-08-09,0,0,0,1,2018-05-11,2018-05-22,2018-06-14,0,0,0,0.9754,1.1837,1.0359,1.2393
6b_3_4,east,6b,F,NA,2018-07-04,2018-08-01,0,0,0,1,2018-05-11,2018-05-22,2018-06-26,1,6,9,0.9656,1.3283,0.9979,1.3956
6b_3_5,east,6b,F,NA,2018-07-13,2018-08-09,0,0,0,1,2018-05-11,2018-05-22,2018-07-05,1,1,14,0.8188,1.2637,0.8898,1.2567
6b_3_6,east,6b,F,NA,2018-07-20,2018-08-29,0,0,0,1,2018-05-14,2018-05-23,2018-07-12,0,0,0,0.9737,1.1772,0.9947,1.2133
8_1_1,east,8,F,NA,2018-05-29,2018-06-28,0,0,0,1,2018-04-16,2018-04-25,2018-05-22,1,1,5,0.9837,1.2243,1.0299,1.2578
8_1_2,east,8,F,NA,NA,2018-08-13,0,0,0,1,2018-04-27,2018-05-07,2018-06-04,0,0,0,0.9827,1.2557,0.9968,1.1701
8_1_3,east,8,F,NA,2018-07-11,2018-09-10,0,0,0,1,2018-04-27,2018-05-07,2018-07-02,0,0,0,0.9397,1.2601,0.8993,1.2794
8_1_4,east,8,F,NA,2018-07-18,2018-09-04,0,0,0,1,2018-04-27,2018-05-07,2018-07-09,1,4,6,0.9781,1.2864,0.995,1.2977
8_1_5,east,8,F,NA,2018-07-18,2018-09-10,0,0,0,1,2018-04-27,2018-05-07,2018-07-09,0,0,0,0.9523,1.2921,0.9796,1.2645
8_4_1,east,8,F,NA,2018-05-29,2018-07-04,0,0,0,1,2018-04-23,2018-05-02,2018-05-22,1,4,4,0.9864,1.334,0.9939,1.3046
8_4_2,east,8,F,NA,2018-06-01,2018-08-13,0,0,0,1,2018-04-23,2018-05-02,2018-05-23,1,10,2,0.9973,1.1771,0.9787,1.1648
8_4_3,east,8,F,NA,2018-05-29,2018-07-02,0,0,0,1,2018-04-23,2018-05-02,2018-05-22,1,1,4,0.9069,1.2001,0.9192,1.2918
8_4_4,east,8,F,NA,2018-06-01,2018-07-18,0,0,0,1,2018-04-23,2018-05-02,2018-05-23,1,1,2,1.0139,1.2027,1.0271,1.2702
8_4_5,east,8,F,NA,2018-06-01,2018-07-02,0,0,0,1,2018-04-23,2018-05-02,2018-05-22,1,2,6,1.0085,1.2978,0.9953,1.2045
8_4_6,east,8,F,NA,2018-06-05,2018-07-30,0,0,0,1,2018-04-23,2018-05-02,2018-05-28,1,4,6,0.8595,1.1618,0.894,1.1304
8_12_1,east,8,F,NA,2018-06-15,2018-08-08,0,0,0,1,2018-05-14,2018-05-23,2018-06-08,1,8,4,1.0761,1.5068,1.1165,1.532
8_12_2,east,8,F,NA,NA,2018-06-22,0,0,1,1,2018-05-15,2018-05-25,2018-06-12,NA,NA,NA,NA,NA,NA,NA
8_12_3,east,8,F,NA,2018-06-19,2018-08-06,0,0,0,1,2018-05-14,2018-05-23,2018-06-11,1,7,3,1.0505,1.29,1.14,1.2632
8_12_4,east,8,F,NA,2018-06-19,2018-08-17,0,0,0,1,2018-05-14,2018-05-23,2018-06-11,0,0,0,1.0319,1.1443,1.0635,1.2537
8_12_5,east,8,F,NA,NA,2018-07-16,0,0,0,1,2018-05-15,2018-05-25,2018-06-12,1,1,3,1.0383,1.1865,1.0174,1.222
8_12_6,east,8,F,NA,2018-06-29,2018-08-27,0,0,0,1,2018-05-14,2018-05-23,2018-06-19,1,4,4,1.0255,1.2884,1.0187,1.3358
8_12_7,east,8,F,NA,2018-07-04,2018-08-10,0,0,0,1,2018-05-15,2018-05-25,2018-06-26,1,5,1,0.9434,1.1138,0.9081,1.1319
9_4_1,west,9,F,NA,2018-05-25,2018-07-06,0,0,0,1,2018-04-16,2018-04-24,2018-05-18,1,2,3,1.026,1.2442,1.0601,1.162
9_5_1,west,9,F,NA,2018-05-29,2018-07-30,0,0,0,1,2018-04-23,2018-05-03,2018-05-22,1,10,10,1.0518,1.2226,1.1287,1.2863
9_5_2,west,9,F,NA,2018-05-25,2018-06-18,0,0,0,1,2018-04-23,2018-05-03,2018-05-16,1,7,7,1.1675,1.322,1.1488,1.2442
9_5_3,west,9,F,NA,2018-05-29,2018-07-16,0,0,0,1,2018-04-23,2018-05-03,2018-05-22,1,3,4,1.0159,1.329,0.9805,1.346
9_5_4,west,9,F,NA,2018-06-05,2018-07-12,0,0,0,1,2018-04-23,2018-05-03,2018-05-28,1,9,6,1.1009,1.1664,1.0908,1.1672
9_5_5,west,9,F,NA,2018-06-05,2018-07-03,0,0,0,1,2018-04-30,2018-05-09,2018-05-28,1,6,4,1.0495,1.2781,1.0674,1.2504
9_5_6,west,9,F,NA,2018-06-08,2018-07-09,0,0,0,1,2018-04-30,2018-05-09,2018-06-01,1,0,7,1.0392,1.035,1.0612,1.0089
9_5_7,west,9,F,NA,2018-06-12,2018-07-18,0,0,0,1,2018-04-30,2018-05-09,2018-06-04,0,0,0,0.9523,1.3023,0.956,1.3016
9_5_8,west,9,F,NA,2018-07-04,2018-08-10,0,0,0,1,2018-04-30,2018-05-09,2018-06-22,1,1,2,0.9316,1.1743,0.92,1.1623000000000001
9_8_1,west,9,F,NA,2018-05-25,2018-07-06,0,0,0,1,2018-04-17,2018-04-26,2018-05-16,1,2,6,1.0696,1.396,1.0881,1.3355
9_8_2,west,9,F,NA,2018-05-28,2018-07-02,0,0,0,1,2018-04-17,2018-04-26,2018-05-16,1,5,5,1.0977,1.3108,1.1051,1.3393
9_8_3,west,9,F,NA,2018-05-25,2018-07-30,0,0,0,1,2018-04-17,2018-04-26,2018-05-16,0,0,0,0.9898,1.3798,0.9789,1.3377
9_8_4,west,9,F,NA,2018-06-05,2018-08-03,0,0,0,1,2018-04-17,2018-04-26,2018-05-28,1,0,1,0.9464,1.1683,0.9484,1.2626
9_8_5,west,9,F,NA,2018-06-05,2018-07-11,0,0,0,1,2018-04-20,2018-04-30,2018-05-28,0,0,0,0.9603,1.3119,0.9603,1.3275
9_8_6,west,9,F,NA,2018-05-29,2018-07-06,0,0,0,1,2018-04-20,2018-04-30,2018-05-22,1,12,5,1.0824,1.3114,1.0544,1.2703
9_8_7,west,9,F,NA,2018-05-29,2018-06-25,0,0,0,1,2018-04-20,2018-04-30,2018-05-22,1,1,4,1.0392,1.3397,1.0238,1.388
9_8_8,west,9,F,NA,2018-05-29,2018-06-13,0,0,0,1,2018-04-20,2018-04-30,2018-05-22,0,0,0,0.8531,1.2039,0.8654,1.2091
9_8_9,west,9,F,NA,2018-05-29,2018-07-04,0,0,0,1,2018-04-20,2018-04-30,2018-05-22,1,1,5,0.9868,1.2855,0.9459,1.284
9_8_10,west,9,F,NA,2018-05-29,2018-07-31,0,0,0,1,2018-04-20,2018-04-30,2018-05-22,1,11,4,0.9615,1.2429,0.9645,1.3162
9_8_11,west,9,F,NA,2018-06-12,2018-07-11,0,0,0,1,2018-04-20,2018-04-30,2018-06-04,1,13,6,1.0571,1.3147,1.0068,1.379
9_8_12,west,9,F,NA,2018-05-31,2018-06-25,0,0,0,1,2018-04-23,2018-05-03,2018-05-22,0,0,0,NA,NA,NA,NA
9_8_13,west,9,F,NA,2018-05-29,2018-07-02,0,0,0,1,2018-04-20,2018-04-30,2018-05-22,1,1,2,0.9997,1.3175,1.0045,1.2909
9_8_14,west,9,F,NA,2018-06-01,2018-07-06,0,0,0,1,2018-04-20,2018-04-30,2018-05-23,1,11,5,0.9842,1.1954,0.9488,1.2371
9_8_15,west,9,F,NA,2018-06-05,2018-08-08,0,0,0,1,2018-04-23,2018-04-30,2018-05-28,1,8,6,0.7692,1.2526,0.6874,1.2123
9_10_1,west,9,F,NA,2018-05-22,2018-07-12,0,0,0,1,2018-04-16,2018-04-24,2018-05-15,1,2,1,1.0679,1.3488,1.0217,1.3411
9_10_2,west,9,F,NA,2018-05-22,2018-07-09,0,0,0,1,2018-04-16,2018-04-24,2018-05-14,1,12,8,NA,NA,NA,NA
9_10_3,west,9,F,NA,2018-05-25,2018-06-21,0,0,0,1,2018-04-16,2018-04-24,2018-05-16,1,3,4,1.0819,1.3798,1.1531,1.4128
9_10_4,west,9,F,NA,2018-05-25,2018-07-24,0,0,0,1,2018-04-23,2018-05-02,2018-05-18,0,0,0,0.8608,1.1807,0.8335,1.2453
9_10_5,west,9,F,NA,2018-05-25,2018-07-12,0,0,0,1,2018-04-23,2018-05-02,2018-05-16,1,8,3,0.9899,1.354,1.0078,1.3121
9_10_6,west,9,F,NA,2018-06-04,2018-07-18,0,0,0,1,2018-04-23,2018-05-02,2018-05-23,0,0,0,0.8884,1.5662,0.8755,1.6385
9_10_7,west,9,F,NA,2018-06-08,2018-07-12,0,0,0,1,2018-04-23,2018-05-02,2018-05-28,1,6,13,1.0342,1.222,1.0215,1.2091
9_10_8,west,9,F,NA,2018-06-08,2018-06-29,0,0,0,1,2018-04-23,2018-05-02,2018-05-28,1,8,3,1.0472,1.1709,1.0692,1.2009
alpha_1,west,2,F,NA,2018-07-10,2018-08-15,0,0,0,2,2018-06-01,2018-06-11,2018-07-02,1,3,8,1.0593,1.3189,1.0498,1.3585
beta_1,west,2,F,NA,2018-07-04,2018-08-03,0,0,0,2,2018-05-28,2018-06-06,2018-06-25,1,1,3,1.1245,1.3555,1.1119,1.3428
beta_2,west,2,F,NA,2018-07-04,2018-08-03,0,0,0,2,2018-05-28,2018-06-06,2018-06-25,1,0,4,1.0635,1.3188,1.102,1.2986
delta_1,west,2,F,NA,NA,2018-10-01,1,0,0,2,2018-06-08,2018-06-18,2018-07-09,1,4,4,0.9637,1.3445,0.9736,1.3449
epsilon_1,west,2,F,NA,2018-07-04,2018-07-26,0,0,0,2,2018-05-25,2018-06-05,2018-06-25,1,0,2,0.9818,1.3002,1.0033,1.3571
epsilon_2,west,2,F,NA,2018-07-06,2018-07-30,0,0,0,2,2018-05-25,2018-06-05,2018-06-27,1,0,2,1.0153,1.4107,1.0387,1.4011
epsilon_3,west,2,F,NA,2018-07-10,2018-08-20,0,0,0,2,2018-05-25,2018-06-05,2018-06-26,1,6,6,0.9896,1.2244,1.0088,1.2336
zeta_1,west,2,F,NA,2018-07-03,2018-08-30,0,0,0,2,2018-05-28,2018-06-06,2018-06-20,1,7,9,1.0738,1.4552,1.0522,1.4261
zeta_2,west,2,F,NA,2018-07-04,2018-08-14,0,0,0,2,2018-05-28,2018-06-06,2018-06-25,1,4,2,1.1831,1.304,1.1721,1.3143
zeta_3,west,2,F,NA,2018-07-04,2018-08-03,0,0,0,2,2018-05-28,2018-06-06,2018-06-25,1,5,4,1.0538,1.3219,1.1477,1.3088
zeta_4,west,2,F,NA,2018-07-04,2018-08-20,0,0,0,2,2018-05-28,2018-06-06,2018-06-25,0,0,0,1.0071,1.3264,0.9817,1.3325
zeta_5,west,2,F,NA,2018-07-04,2018-08-03,0,0,0,2,2018-05-28,2018-06-06,2018-06-25,0,0,0,1.0858,1.3329,1.1073,1.227
zeta_6,west,2,F,NA,2018-07-10,2018-09-04,0,0,0,2,2018-05-28,2018-06-06,2018-07-02,1,0,5,1.0243,1.2765,1.0166,1.2954
zeta_7,west,2,F,NA,2018-07-18,2018-08-23,0,0,0,2,2018-05-28,2018-06-06,2018-07-09,1,4,10,0.9273,1.4283,0.9383,1.4606
zeta_8,west,2,F,NA,2018-07-20,2018-08-20,0,0,0,2,2018-06-04,2018-06-12,2018-07-12,1,0,1,1.0959,1.3476,1.1159,1.3442
zeta_9,west,2,F,NA,2018-07-20,2018-08-06,0,0,0,2,2018-06-04,2018-06-12,2018-07-12,1,3,10,1.0005,1.2112,0.9375,1.2138
theta_1,west,2,F,NA,2018-07-10,2018-08-06,0,0,0,2,2018-05-30,2018-06-11,2018-07-02,1,0,3,1.073,1.0882,1.0419,1.1264
theta_2,west,2,F,NA,NA,2018-07-16,0,1,0,2,2018-05-30,2018-06-11,2018-07-02,1,0,3,1.079,1.2286,1.0916,1.2005
theta_3,west,2,F,NA,2018-07-18,2018-08-13,0,0,0,2,2018-05-30,2018-06-11,2018-07-09,1,10,7,1.0243,1.2981,1.003,1.2787
theta_4,west,2,F,NA,2018-07-18,2018-09-17,0,0,0,2,2018-06-04,2018-06-14,2018-07-09,0,0,0,1.0475,1.3405,1.0444,1.3595
lambda_1,west,2,F,NA,2018-07-10,2018-08-03,0,0,0,2,2018-06-04,2018-06-12,2018-07-02,1,0,4,1.0143,1.2593,1.0302,1.2174
lambda_2,west,2,F,NA,2018-07-10,2018-08-03,0,0,0,2,2018-06-04,2018-06-12,2018-07-02,1,9,6,1.0415,1.2773,1.0366,1.2793
lambda_3,west,2,F,NA,2018-07-10,2018-08-23,0,0,0,2,2018-06-04,2018-06-12,2018-07-02,1,2,9,1.0878,1.3842,1.0539,1.4411
lambda_4,west,2,F,NA,2018-07-20,2018-07-30,0,0,0,2,2018-06-04,2018-06-12,2018-07-12,1,4,4,0.9237,1.2563,0.9049,1.3119
mu_1,west,2,F,NA,2018-07-18,2018-09-17,0,0,0,2,2018-06-04,2018-06-12,2018-07-09,1,2,5,0.9021,1.2581,0.9487,1.2581
xsi_1,west,3,F,NA,2018-07-13,2018-08-09,0,0,0,2,2018-06-04,2018-06-12,2018-07-03,1,12,6,1,1.1643,0.9866,1.1846
sigma_1,west,3,F,NA,2018-07-10,2018-08-03,0,0,0,2,2018-06-01,2018-06-11,2018-06-26,1,3,6,0.8392,1.1789,0.7358,1.18
sigma_2,west,3,F,NA,2018-07-18,2018-08-08,0,0,0,2,2018-06-01,2018-06-11,2018-07-09,1,3,6,1.1056,0.9084,1.0971,0.9147
sigma_3,west,3,F,NA,2018-07-18,2018-08-03,0,0,0,2,2018-06-01,2018-06-11,2018-07-09,1,12,5,1.1488,1.1952,1.0566,1.1881
omega_1,west,3,F,NA,2018-07-10,2018-10-01,1,0,0,2,2018-06-01,2018-06-12,2018-07-02,1,3,3,0.9897,1.2445,0.9621,1.2747
omega_2,west,3,F,NA,2018-07-20,2018-08-27,0,0,0,2,2018-06-01,2018-06-12,2018-07-10,1,3,2,0.9866,1.2219,1.0197,1.18
A_1,west,5,F,NA,2018-07-10,2018-08-14,0,0,0,2,2018-06-04,2018-06-12,2018-07-03,1,5,8,0.8694,1.1984,0.8622,1.2356
A_2,west,5,F,NA,2018-07-13,2018-08-20,0,0,0,2,2018-06-04,2018-06-12,2018-07-06,1,3,3,1.0022,1.3818,0.9985,1.4342
B_1,west,5,F,NA,2018-07-03,2018-08-10,0,0,0,2,2018-05-28,2018-06-05,2018-06-18,1,6,3,0.9488,1.2087,0.9542,1.2422
B_2,west,5,F,NA,2018-07-03,2018-07-11,0,0,0,2,2018-05-28,2018-06-05,2018-06-18,1,2,2,1.0658,1.2986,1.0175,1.2408
B_3,west,5,F,NA,2018-07-03,2018-07-16,0,0,0,2,2018-05-28,2018-06-05,2018-06-19,1,1,4,1.0162,1.1392,1.0332,1.1564
B_4,west,5,F,NA,2018-07-03,2018-07-24,0,0,0,2,2018-05-28,2018-06-05,2018-06-19,1,2,9,0.9828,1.2543,0.9942,1.1835
B_5,west,5,F,NA,2018-07-18,2018-08-03,0,0,0,2,2018-05-28,2018-06-05,2018-07-09,1,0,1,0.8087,1.2486,0.8642,1.2422
F_1,west,5,F,NA,2018-07-10,2018-07-31,0,0,0,2,2018-06-04,2018-06-11,2018-07-02,1,2,7,0.8784,1.4094,0.9085,1.383
F_2,west,5,F,NA,2018-07-18,2018-08-09,0,0,0,2,2018-06-04,2018-06-11,2018-07-09,0,0,0,0.9183,0.9977,0.9101,1.0148
G_1,west,5,F,NA,2018-07-10,2018-08-27,0,0,0,2,2018-06-01,2018-06-11,2018-06-26,1,6,6,1.0915,1.4083,1.0963,1.4078
G_2,west,5,F,NA,2018-07-11,2018-08-06,0,0,0,2,2018-06-01,2018-06-11,2018-07-02,1,2,5,1.0614,1.4407,1.0175,1.4929
G_3,west,5,F,NA,NA,2018-08-17,0,0,0,2,2018-06-01,2018-06-11,2018-07-02,1,1,5,0.9621,1.1478,0.9419,1.1126
G_4,west,5,F,NA,2018-07-18,2018-08-28,0,0,0,2,2018-06-01,2018-06-11,2018-07-09,1,1,4,1.0259,1.0914,1.0429,1.1293
G_5,west,5,F,NA,2018-07-18,2018-08-17,0,0,0,2,2018-06-01,2018-06-11,2018-07-09,1,5,5,0.8699,1.1138,0.8759,1.1283
G_6,west,5,F,NA,2018-07-18,2018-09-10,0,0,0,2,2018-06-04,2018-06-14,2018-07-09,1,3,2,0.9923,1.1882,0.9687,1.1985
I_1,west,5,F,NA,2018-07-11,2018-09-10,0,0,0,2,2018-06-01,2018-06-11,2018-07-02,1,15,8,1.0833,1.3475,1.0593,1.2955
I_2,west,5,F,NA,2018-07-10,2018-08-30,0,0,0,2,2018-06-01,2018-06-11,2018-07-02,1,2,5,0.8828,1.3763,0.9046,1.3799
I_3,west,5,F,NA,2018-07-13,2018-08-14,0,0,0,2,2018-06-01,2018-06-11,2018-07-06,1,12,7,0.7685,1.2528,0.739,1.2923
I_4,west,5,F,NA,2018-07-18,2018-08-31,0,0,0,2,2018-06-01,2018-06-11,2018-07-09,1,4,6,0.9813,1.2854,0.9757,1.3287
J_1,west,5,F,NA,2018-07-10,2018-07-25,0,0,0,2,2018-06-04,2018-06-12,2018-07-02,1,0,6,0.8486,1.2148,0.8136,1.2213
K_1,west,5,F,NA,2018-07-13,2018-08-09,0,0,0,2,2018-06-06,2018-06-12,2018-07-05,1,1,2,0.9348,1.1921,0.9348,1.2268
M_1,west,5,F,NA,2018-07-11,2018-09-10,0,0,0,2,2018-05-30,2018-06-11,2018-07-02,1,1,4,0.9949,1.2021,1.0421,1.1753
M_2,west,5,F,NA,2018-07-20,2018-08-20,0,0,0,2,2018-05-30,2018-06-11,2018-07-10,1,2,3,0.9245,1.1526,0.9201,1.1142
M_3,west,5,F,NA,2018-07-20,2018-09-04,0,0,0,2,2018-05-30,2018-06-11,2018-07-10,1,2,2,0.8691,1.2658,0.8313,1.2162
N_1,west,5,F,NA,NA,2018-07-18,0,0,0,2,2018-06-04,2018-06-14,2018-07-09,0,0,0,0.9638,1.3282,0.9442,1.2667
O_1,east,6a,F,NA,2018-07-10,2018-08-23,0,0,0,2,2018-06-01,2018-06-11,2018-07-03,1,4,5,1.0767,1.1489,1.0671,1.1791
O_2,east,6a,F,NA,2018-07-10,2018-10-01,1,0,0,2,2018-06-01,2018-06-11,2018-07-03,1,2,5,1.0403,1.3322,1.0575,1.3444
O_3,east,6a,F,NA,2018-07-10,2018-09-07,0,0,0,2,2018-06-01,2018-06-11,2018-07-02,1,1,7,1.0447,1.3187,1.0686,1.3636
O_4,east,6a,F,NA,2018-07-20,2018-09-17,0,0,0,2,2018-06-01,2018-06-11,2018-07-12,1,4,9,0.9826,1.3183,1.0031,1.3092
P_1,east,6a,F,NA,2018-07-18,2018-08-13,0,0,0,2,2018-06-08,2018-06-18,2018-07-09,1,9,3,1.0852,1.3165,1.0786,1.3006
Q_1,east,6a,F,NA,2018-07-18,2018-08-29,0,0,0,2,2018-06-01,2018-06-11,2018-07-09,1,4,10,0.9748,1.2163,1.0019,1.2152
T_1,east,6a,F,NA,2018-07-13,2018-08-17,0,0,0,2,2018-05-30,2018-06-11,2018-07-06,0,0,0,1.1682,1.3893,1.1646,1.3962
T_2,east,6a,F,NA,2018-07-18,2018-08-23,0,0,0,2,2018-05-30,2018-06-11,2018-07-09,1,6,11,1.0402,1.3749,1.0518,1.3918
T_3,east,6a,F,NA,2018-07-18,2018-08-17,0,0,0,2,2018-05-30,2018-06-11,2018-07-09,1,10,12,1.0368,1.3249,1.0365,1.2221
U_1,east,6a,F,NA,2018-07-04,2018-07-30,0,0,0,2,2018-05-25,2018-06-05,2018-06-25,1,3,5,0.9763,1.2594,0.9733,1.2895
U_2,east,6a,F,NA,2018-07-06,2018-07-26,0,0,0,2,2018-05-25,2018-06-05,2018-06-27,0,0,0,0.9372,1.2294,0.9791,1.1994
U_3,east,6a,F,NA,2018-07-10,2018-08-15,0,0,0,2,2018-05-25,2018-06-05,2018-07-03,1,2,10,0.9915,1.2659,0.9849,1.2798
V_1,east,6a,F,NA,2018-07-11,2018-08-08,0,0,0,2,2018-05-30,2018-06-11,2018-07-03,1,4,13,1.0044,1.2761,1.0363,1.264
W_1,east,6a,F,NA,2018-07-04,2018-08-08,0,0,0,2,2018-05-28,2018-06-07,2018-06-25,1,6,7,1.0035,1.3007,1.0298,1.3034
W_2,east,6a,F,NA,2018-07-04,2018-08-03,0,0,0,2,2018-05-28,2018-06-07,2018-06-25,1,10,6,1.0842,1.2689,1.0095,1.2305
W_3,east,6a,F,NA,2018-07-04,2018-08-03,0,0,0,2,2018-05-28,2018-06-07,2018-06-25,1,1,4,1.0136,1.1531,0.9822,1.1953
W_4,east,6a,F,NA,2018-07-10,2018-10-01,1,0,0,2,2018-05-28,2018-06-07,2018-07-02,0,0,0,NA,NA,NA,NA
W_5,east,6a,F,NA,2018-07-13,2018-08-10,0,0,0,2,2018-05-28,2018-06-07,2018-07-04,1,1,12,0.9923,1.2155,0.9297,1.2028
cCedille_1,east,8,F,NA,2018-07-11,2018-08-03,0,0,0,2,2018-06-04,2018-06-12,2018-07-03,1,0,4,1.0994,1.2005,1.0187,1.0474
cCedille_2,east,8,F,NA,2018-07-18,2018-08-03,0,0,0,2,2018-06-04,2018-06-12,2018-07-09,1,2,4,1.0495,1.395,1.0895,1.3426
cCedille_3,east,8,F,NA,NA,2018-10-01,1,0,0,2,2018-05-30,2018-06-11,2018-07-09,1,1,1,0.9971,1.2808,0.9936,1.3007
cCedille_4,east,8,F,NA,2018-07-18,2018-08-23,0,0,0,2,2018-05-30,2018-06-11,2018-07-09,1,6,5,1.0497,1.4083,1.044,1.4061
uAccent_1,east,8,F,NA,2018-07-13,2018-08-06,0,0,0,2,2018-06-04,2018-06-12,2018-07-06,1,3,1,1.0331,1.3061,1.0447,1.3412
uAccent_2,east,8,F,NA,2018-07-18,2018-10-01,1,0,0,2,2018-06-04,2018-06-12,2018-07-09,1,5,6,1.14,1.3156,1.1226,1.2805
uAccent_3,east,8,F,NA,2018-07-18,2018-08-23,0,0,0,2,2018-06-04,2018-06-12,2018-07-09,0,0,0,1.0174,1.2376,1.0264,1.256
10_1,west,9,F,NA,2018-07-11,2018-08-27,0,0,0,2,2018-05-30,2018-06-11,2018-07-03,1,0,4,0.921,1.3745,0.8894,1.3575
10_2,west,9,F,NA,2018-07-11,2018-08-17,0,0,0,2,2018-05-30,2018-06-11,2018-07-02,1,0,4,1.0224,1.1718,1.0149,1.2279
11_1,west,9,F,NA,2018-07-13,2018-08-13,0,0,0,2,2018-06-04,2018-06-12,2018-07-04,1,0,2,1.0715,1.3462,1.1068,1.3528
12_1,west,9,F,NA,2018-07-11,2018-08-06,0,0,0,2,2018-06-04,2018-06-12,2018-07-03,1,5,6,0.9018,1.3056,0.8766,1.2667
12_2,west,9,F,NA,2018-07-11,2018-08-08,0,0,0,2,2018-06-04,2018-06-12,2018-06-26,1,0,2,1.1034,1.3486,1.1441,1.348
12_3,west,9,F,NA,2018-07-10,2018-08-03,0,0,0,2,2018-06-04,2018-06-12,2018-07-02,1,10,5,1.0288,1.2187,0.9955,1.2925
14_1,west,9,F,NA,2018-07-11,2018-08-06,0,0,0,2,2018-05-30,2018-06-11,2018-07-02,1,1,1,0.8653,1.2931,0.8949,1.2709
14_2,west,9,F,NA,2018-07-13,2018-08-10,0,0,0,2,2018-05-30,2018-06-11,2018-07-06,1,3,11,0.9262,1.3186,0.8763,1.2695
14_3,west,9,F,NA,2018-07-13,2018-09-10,0,0,0,2,2018-05-30,2018-06-11,2018-07-03,1,12,7,0.9896,1.2354,1.026,1.2484
14_4,west,9,F,NA,2018-07-18,2018-08-15,0,0,0,2,2018-05-30,2018-06-11,2018-07-09,1,3,9,1.0979,1.4166,1.1342,1.4086
14_5,west,9,F,NA,2018-07-20,2018-07-31,0,1,0,2,2018-05-30,2018-06-11,2018-07-12,1,3,3,NA,NA,NA,NA
15_1,west,9,F,NA,2018-07-06,2018-08-13,0,0,0,2,2018-06-04,2018-06-12,2018-06-29,0,0,0,1.0817,1.3192,1.0913,1.354
15_2,west,9,F,NA,2018-07-10,2018-08-15,0,0,0,2,2018-06-04,2018-06-12,2018-07-02,1,13,11,0.9824,1.3288,0.9758,1.3448
15_3,west,9,F,NA,2018-07-10,2018-08-27,0,0,0,2,2018-06-04,2018-06-12,2018-07-02,1,4,10,1.0423,1.1971,1.048,1.2319
15_4,west,9,F,NA,2018-07-13,2018-07-30,0,0,0,2,2018-06-04,2018-06-12,2018-07-03,1,3,14,NA,NA,NA,NA
15_5,west,9,F,NA,2018-07-18,2018-09-17,0,0,0,2,2018-06-04,2018-06-12,2018-07-09,1,0,4,1.0236,1.2859,1.0294,1.3509
19_1,west,9,F,NA,2018-07-04,2018-08-03,0,0,0,2,2018-05-24,2018-06-05,2018-06-25,1,1,0,1.0849,1.3376,1.0818,1.3014
19_2,west,9,F,NA,2018-07-11,2018-08-03,0,0,0,2,2018-05-24,2018-06-05,2018-07-02,1,0,2,0.9066,1.3088,0.9127,1.3033
19_3,west,9,F,NA,2018-07-11,2018-10-01,1,0,0,2,2018-05-24,2018-06-05,2018-07-02,1,0,3,1.094,1.3178,1.0621,1.3811
19_4,west,9,F,NA,2018-07-10,2018-08-08,0,0,0,2,2018-06-04,2018-06-12,2018-07-02,1,0,5,0.9979,1.3122,1.0017,1.2515
19_5,west,9,F,NA,2018-07-10,2018-08-10,0,0,0,2,2018-06-04,2018-06-12,2018-07-02,1,2,7,1.0955,1.3104,1.11,1.2676
19_6,west,9,F,NA,2018-07-18,2018-08-13,0,0,0,2,2018-06-04,2018-06-12,2018-07-09,1,18,10,1.1452,1.3857,1.126,1.3668
21_1,west,9,F,NA,2018-07-04,2018-07-09,0,0,0,2,2018-05-28,2018-06-08,2018-06-25,0,0,0,0.9912,1.0545,0.9942,1.08
21_2,west,9,F,NA,2018-07-04,2018-09-07,0,0,0,2,2018-05-28,2018-06-08,2018-06-25,1,9,8,1.044,1.1173,1.0531,1.1266
21_3,west,9,F,NA,2018-07-04,2018-08-09,0,0,0,2,2018-05-28,2018-06-08,2018-06-25,1,16,4,1.0128,1.2433,1.0013,1.2678
21_4,west,9,F,NA,2018-07-06,2018-08-09,0,0,0,2,2018-05-28,2018-06-08,2018-06-27,1,11,6,0.9831,1.1855,0.9754,1.2179
21_5,west,9,F,NA,2018-07-11,2018-08-08,0,0,0,2,2018-06-04,2018-06-14,2018-07-03,1,3,9,1.05,1.2658,1.0406,1.1927
21_6,west,9,F,NA,2018-07-13,2018-08-01,0,0,0,2,2018-06-04,2018-06-14,2018-07-06,1,10,4,0.9748,1.2627,0.9454,1.2769
21_7,west,9,F,NA,2018-07-18,2018-08-08,0,0,0,2,2018-05-28,2018-06-08,2018-07-09,1,11,7,0.9636,1.1212,1.0135,1.1666
22_1,west,9,F,NA,NA,2018-09-26,0,0,0,2,2018-06-04,2018-06-14,2018-07-09,1,1,1,1.0344,1.209,1.04,1.2559
23_1,west,9,F,NA,2018-07-11,2018-08-06,0,0,0,2,2018-06-01,2018-06-11,2018-07-02,1,2,5,1.0524,1.3334,1.0692,1.2436
23_2,west,9,F,NA,2018-07-11,2018-08-09,0,0,0,2,2018-06-01,2018-06-11,2018-07-02,1,4,8,0.9576,1.2251,0.9832,1.1973
23_3,west,9,F,NA,2018-07-11,2018-08-23,0,0,0,2,2018-06-01,2018-06-11,2018-07-02,1,5,4,0.9415,1.1798,0.9341,1.2344
23_4,west,9,F,NA,2018-07-13,2018-08-13,0,0,0,2,2018-06-01,2018-06-11,2018-07-04,1,10,8,0.981,1.2358,0.9889,1.2427
23_5,west,9,F,NA,NA,2018-08-14,0,0,0,2,2018-06-01,2018-06-11,2018-07-09,0,0,0,NA,NA,NA,NA
23_6,west,9,F,NA,2018-07-18,2018-08-15,0,0,0,2,2018-06-01,2018-06-11,2018-07-09,1,12,6,1.0721,1.3072,1.0628,1.3231
27_1,east,6a,F,NA,2018-07-27,2018-09-11,0,0,0,2,2018-06-04,2018-06-12,2018-07-16,1,3,0,NA,NA,NA,NA
27_2,east,6a,F,NA,2018-07-27,2018-08-23,0,0,0,2,2018-06-01,2018-06-11,2018-07-11,1,1,5,1.0214,1.2956,1.0062,1.3173
27_3,west,5,F,NA,2018-07-27,2018-09-11,0,0,0,2,2018-05-30,2018-06-11,2018-07-17,1,2,4,NA,NA,NA,NA
27_4,west,9,F,NA,2018-07-27,2018-08-17,0,0,0,2,2018-06-04,2018-06-14,2018-07-18,0,0,0,0.9534,1.1887,0.9869,1.1976
27_5,west,3,F,NA,2018-07-27,2018-08-08,0,0,0,2,2018-06-07,2018-06-18,2018-07-16,0,0,0,1.0353,1.311,1.0365,1.3154
27_6,west,5,F,NA,2018-07-27,2018-10-01,1,0,0,2,2018-05-29,2018-06-12,2018-07-16,1,1,0,0.9927,1.1038,1.0103,1.1456
27_7,west,9,F,NA,2018-07-27,2018-08-03,0,0,0,2,2018-06-04,2018-06-11,2018-07-16,1,3,0,0.8499,1.1774,0.9678,1.2497
27_8,west,9,F,NA,2018-07-27,2018-09-17,0,0,0,2,2018-06-04,2018-06-14,2018-07-17,0,0,0,0.8348,1.2053,0.8356,1.2357
27_9,west,9,F,NA,2018-07-27,2018-08-10,0,0,0,2,2018-06-07,2018-06-18,2018-07-09,0,0,0,1.2028,1.4714,1.2002,1.4796
27_10,east,6a,F,NA,2018-07-27,2018-09-10,0,0,0,2,2018-06-05,2018-06-15,2018-07-16,1,2,0,0.9476,1.2384,0.9579,1.2643
27_11,west,3,F,NA,2018-07-27,2018-08-27,0,0,0,2,2018-06-04,2018-06-12,2018-07-18,1,7,0,1.0166,1.3293,1.0368,1.3383
27_12,east,6a,F,NA,2018-07-27,2018-08-03,0,0,0,2,2018-06-08,2018-06-18,2018-07-16,1,2,0,1.1431,1.4801,1.1379,1.4901
24_1,west,2,F,NA,2018-07-24,2018-09-04,0,0,0,2,2018-06-04,2018-06-12,2018-07-16,1,0,6,0.9279,1.229,0.9096,1.2203
24_2,west,5,F,NA,2018-07-24,2018-08-27,0,0,0,2,2018-06-01,2018-06-11,2018-07-16,1,1,3,0.9652,1.2172,0.9558,1.2163
24_3,west,2,F,NA,2018-07-24,2018-09-19,0,0,0,2,2018-05-30,2018-06-11,2018-07-16,1,2,1,0.9393,1.2173,0.9325,1.3114
24_4,west,2,F,NA,2018-07-24,2018-09-28,0,0,0,2,2018-06-04,2018-06-14,2018-07-16,1,3,5,0.9875,1.1835,0.9902,1.1658
24_5,east,8,F,NA,2018-07-24,2018-08-17,0,0,0,2,2018-06-04,2018-06-12,2018-07-16,1,0,2,0.9555,1.1602,0.9913,1.1361
24_6,west,3,F,NA,2018-07-24,2018-08-01,0,1,0,2,2018-06-04,2018-06-12,2018-07-16,1,3,2,0.9263,1.321,0.9956,1.2809
24_7,west,3,F,NA,2018-07-24,2018-08-20,0,0,0,2,2018-06-07,2018-06-18,2018-07-16,1,1,2,0.9931,1.1737,0.9707,1.203
24_8,west,5,F,NA,2018-07-24,2018-08-20,0,0,0,2,2018-06-07,2018-06-18,2018-07-16,1,1,0,0.9961,1.2771,1.0248,1.2295
24_9,west,2,F,NA,2018-07-26,2018-08-17,0,0,0,2,2018-06-04,2018-06-12,2018-07-16,1,2,0,0.9575,1.07,0.9554,1.0894
31_1,west,3,F,NA,2018-07-31,2018-08-29,0,0,0,2,2018-06-04,2018-06-12,2018-07-17,1,1,0,1.052,1.2497,1.0259,1.2667
31_2,west,3,F,NA,2018-07-31,2018-08-30,0,0,0,2,2018-06-04,2018-06-12,2018-07-16,1,5,0,0.9844,1.1138,0.98,1.0803
31_3,west,5,F,NA,2018-07-31,2018-08-20,0,0,0,2,2018-06-06,2018-06-12,2018-07-17,0,0,0,0.9931,1.1831,0.9711,1.1948
31_4,west,2,F,NA,2018-07-31,2018-08-14,0,0,0,2,2018-05-30,2018-06-11,2018-07-17,1,2,0,1.0308,1.3098,1.0085,1.3157
31_5,west,2,F,NA,2018-07-31,2018-10-01,1,0,0,2,2018-05-30,2018-06-11,2018-07-18,1,3,0,0.7791,1.3822,0.8062,1.4199
31_6,west,2,F,NA,2018-07-31,2018-08-15,0,0,0,2,2018-06-04,2018-06-12,2018-07-16,0,0,0,0.9704,1.2491,0.9544,1.1783
31_7,west,2,F,NA,2018-07-31,2018-08-28,0,0,0,2,2018-05-30,2018-06-11,2018-07-18,1,1,0,0.9625,1.1575,0.9678,1.1527
31_8,west,3,F,NA,2018-07-31,2018-08-23,0,0,0,2,2018-06-08,2018-06-18,2018-07-16,1,3,0,1.0129,1.2464,1.0232,1.224
31_9,west,5,F,NA,2018-07-31,2018-08-28,0,0,0,2,2018-06-01,2018-06-11,2018-07-17,0,0,0,0.9373,1.0888,0.9001,1.1594
31_10,east,6b,F,May 9,2018-07-31,2018-09-21,0,0,0,0,NA,NA,2018-07-17,1,5,0,NA,NA,NA,NA
